ORDEM;LOTE;PRODUTO;SITUACAO;COR;DESENHO;VARIANTE;CATEGORIA;NRO_ROLO;METROS;PESO_BRUTO;PESO_LIQUIDO;LARGURA;NRO;ROLO_PL;NRO_PECA;AVISO;FORNECEDOR;TEAR;Num_Etq_Aux
000014;T237L1;000014;001;00005;00000;00000;01;0000266263;100,7;30,9;30,5;1,40;1;1;001;000249;W;000001;W000001266263001
000014;T237L1;000014;001;00005;00000;00000;01;0000266264;95,3;29,3;28,9;1,40;2;2;001;000249;W;000002;W000002266264001
000014;T237L1;000014;001;00005;00000;00000;01;0000266265;101,8;31,2;30,8;1,40;3;3;001;000249;W;000003;W000003266265001
000014;T237L1;000014;001;00005;00000;00000;01;0000266266;92;28,3;27,9;1,40;4;4;001;000249;W;000004;W000004266266001
000014;T237L1;000014;001;00005;00000;00000;01;0000266267;101,5;31,2;30,8;1,40;5;5;001;000249;W;000005;W000005266267001
000014;T237L1;000014;001;00005;00000;00000;01;0000266268;99,1;30,4;30,0;1,40;6;6;001;000249;W;000006;W000006266268001
000014;T237L1;000014;001;00005;00000;00000;01;0000266269;101,3;31,1;30,7;1,40;7;7;001;000249;W;000007;W000007266269001
000014;T237L1;000014;001;00005;00000;00000;01;0000266270;89,4;27,5;27,1;1,40;8;8;001;000249;W;000008;W000008266270001
000014;T237L1;000014;001;00005;00000;00000;01;0000266271;100,9;31,0;30,6;1,40;9;9;001;000249;W;000009;W000009266271001
000014;T237L1;000014;001;00005;00000;00000;01;0000266272;97,8;30,0;29,6;1,40;10;10;001;000249;W;000010;W000010266272001
000014;T237L1;000014;001;00005;00000;00000;01;0000266273;101,1;31,0;30,6;1,40;11;11;001;000249;W;000011;W000011266273001
000014;T237L1;000014;001;00005;00000;00000;01;0000266274;97,2;29,9;29,5;1,40;12;12;001;000249;W;000012;W000012266274001
000014;T237L1;000014;001;00005;00000;00000;01;0000266275;59,3;18,4;18,0;1,40;13;13;001;000249;W;000013;W000013266275001
000014;T237L1;000014;001;00005;00000;00000;01;0000266276;101,1;31,0;30,6;1,40;14;14;001;000249;W;000014;W000014266276001
000014;T237L1;000014;001;00005;00000;00000;01;0000266277;99,9;30,7;30,3;1,40;15;15;001;000249;W;000015;W000015266277001
000014;T237L1;000014;001;00005;00000;00000;01;0000266278;100,3;30,8;30,4;1,40;16;16;001;000249;W;000016;W000016266278001
000014;T237L1;000014;001;00005;00000;00000;01;0000266279;99,2;30,5;30,1;1,40;17;17;001;000249;W;000017;W000017266279001
000014;T237L1;000014;001;00005;00000;00000;01;0000266280;100,9;31,0;30,6;1,40;18;18;001;000249;W;000018;W000018266280001
000014;T237L1;000014;001;00005;00000;00000;01;0000266281;100,6;30,9;30,5;1,40;19;19;001;000249;W;000019;W000019266281001
000014;T237L1;000014;001;00005;00000;00000;01;0000266282;100,8;30,9;30,5;1,40;20;20;001;000249;W;000020;W000020266282001
000014;T237L2;000014;001;00005;00000;00000;01;0000266283;108,8;33,4;33,0;1,40;21;21;001;000249;W;000021;W000021266283001
000014;T237L2;000014;001;00005;00000;00000;01;0000266284;104,7;32,1;31,7;1,40;22;22;001;000249;W;000022;W000022266284001
000014;T237L2;000014;001;00005;00000;00000;01;0000266285;98,7;30,3;29,9;1,40;23;23;001;000249;W;000023;W000023266285001
000014;T237L2;000014;001;00005;00000;00000;01;0000266286;101,2;31,1;30,7;1,40;24;24;001;000249;W;000024;W000024266286001
000014;T237L2;000014;001;00005;00000;00000;01;0000266287;108,5;33,3;32,9;1,40;25;25;001;000249;W;000025;W000025266287001
000014;T237L2;000014;001;00005;00000;00000;01;0000266288;107,2;32,9;32,5;1,40;26;26;001;000249;W;000026;W000026266288001
000014;T237L2;000014;001;00005;00000;00000;01;0000266289;100,8;30,9;30,5;1,40;27;27;001;000249;W;000027;W000027266289001
000014;T237L2;000014;001;00005;00000;00000;01;0000266290;98,3;30,2;29,8;1,40;28;28;001;000249;W;000028;W000028266290001
000014;T237L2;000014;001;00005;00000;00000;01;0000266291;109,5;33,6;33,2;1,40;29;29;001;000249;W;000029;W000029266291001
000014;T237L2;000014;001;00005;00000;00000;01;0000266292;102,7;31,5;31,1;1,40;30;30;001;000249;W;000030;W000030266292001
000014;T237L2;000014;001;00005;00000;00000;01;0000266293;101,5;31,2;30,8;1,40;31;31;001;000249;W;000031;W000031266293001
000014;T237L2;000014;001;00005;00000;00000;01;0000266294;99,3;30,5;30,1;1,40;32;32;001;000249;W;000032;W000032266294001
000014;T237L2;000014;001;00005;00000;00000;01;0000266295;101,7;31,2;30,8;1,40;33;33;001;000249;W;000033;W000033266295001
000014;T237L2;000014;001;00005;00000;00000;01;0000266296;95,8;29,4;29,0;1,40;34;34;001;000249;W;000034;W000034266296001
000014;T237L2;000014;001;00005;00000;00000;01;0000266297;100,5;30,9;30,5;1,40;35;35;001;000249;W;000035;W000035266297001
000014;T237L2;000014;001;00005;00000;00000;01;0000266298;95,6;29,4;29,0;1,40;36;36;001;000249;W;000036;W000036266298001
000014;T237L2;000014;001;00005;00000;00000;01;0000266299;105,9;32,5;32,1;1,40;37;37;001;000249;W;000037;W000037266299001
000014;T237L2;000014;001;00005;00000;00000;01;0000266300;93,4;28,7;28,3;1,40;38;38;001;000249;W;000038;W000038266300001
000014;T237L2;000014;001;00005;00000;00000;01;0000266301;101,5;31,2;30,8;1,40;39;39;001;000249;W;000039;W000039266301001
000014;T237L2;000014;001;00005;00000;00000;01;0000266302;74,7;23,0;22,6;1,40;40;40;001;000249;W;000040;W000040266302001
000014;T237L3;000014;001;00005;00000;00000;01;0000266303;98,9;30,4;30,0;1,40;41;41;001;000249;W;000041;W000041266303001
000014;T237L3;000014;001;00005;00000;00000;01;0000266304;93,4;28,7;28,3;1,40;42;42;001;000249;W;000042;W000042266304001
000014;T237L3;000014;001;00005;00000;00000;01;0000266305;101,2;31,1;30,7;1,40;43;43;001;000249;W;000043;W000043266305001
000014;T237L3;000014;001;00005;00000;00000;01;0000266306;68,8;21,2;20,8;1,40;44;44;001;000249;W;000044;W000044266306001
000014;T237L3;000014;001;00005;00000;00000;01;0000266307;100,1;30,7;30,3;1,40;45;45;001;000249;W;000045;W000045266307001
000014;T237L3;000014;001;00005;00000;00000;01;0000266308;98,4;30,2;29,8;1,40;46;46;001;000249;W;000046;W000046266308001
000014;T237L3;000014;001;00005;00000;00000;01;0000266309;100,2;30,8;30,4;1,40;47;47;001;000249;W;000047;W000047266309001
000014;T237L3;000014;001;00005;00000;00000;01;0000266310;98;30,1;29,7;1,40;48;48;001;000249;W;000048;W000048266310001
000014;T237L3;000014;001;00005;00000;00000;01;0000266311;101,5;31,2;30,8;1,40;49;49;001;000249;W;000049;W000049266311001
000014;T237L3;000014;001;00005;00000;00000;01;0000266312;98;30,1;29,7;1,40;50;50;001;000249;W;000050;W000050266312001
000014;T237L3;000014;001;00005;00000;00000;01;0000266313;103,6;31,8;31,4;1,40;51;51;001;000249;W;000051;W000051266313001
000014;T237L3;000014;001;00005;00000;00000;01;0000266314;94,7;29,1;28,7;1,40;52;52;001;000249;W;000052;W000052266314001
000014;T237L3;000014;001;00005;00000;00000;01;0000266315;100,6;30,9;30,5;1,40;53;53;001;000249;W;000053;W000053266315001
000014;T237L3;000014;001;00005;00000;00000;01;0000266316;103,9;31,9;31,5;1,40;54;54;001;000249;W;000054;W000054266316001
000014;T237L3;000014;001;00005;00000;00000;01;0000266317;100,7;30,9;30,5;1,40;55;55;001;000249;W;000055;W000055266317001
000014;T237L3;000014;001;00005;00000;00000;01;0000266318;97,5;29,9;29,5;1,40;56;56;001;000249;W;000056;W000056266318001
000014;T237L3;000014;001;00005;00000;00000;01;0000266319;100,6;30,9;30,5;1,40;57;57;001;000249;W;000057;W000057266319001
000014;T237L3;000014;001;00005;00000;00000;01;0000266320;88;27,1;26,7;1,40;58;58;001;000249;W;000058;W000058266320001
000014;T237L3;000014;001;00005;00000;00000;01;0000266321;78;24,0;23,6;1,40;59;59;001;000249;W;000059;W000059266321001
000014;T237L3;000014;001;00005;00000;00000;01;0000266322;99,7;30,6;30,2;1,40;60;60;001;000249;W;000060;W000060266322001
000014;T237L4;000014;001;00005;00000;00000;01;0000266323;100,9;31,0;30,6;1,40;61;61;001;000249;W;000061;W000061266323001
000014;T237L4;000014;001;00005;00000;00000;01;0000266324;84,5;26,0;25,6;1,40;62;62;001;000249;W;000062;W000062266324001
000014;T237L4;000014;001;00005;00000;00000;01;0000266325;101,5;31,2;30,8;1,40;63;63;001;000249;W;000063;W000063266325001
000014;T237L4;000014;001;00005;00000;00000;01;0000266326;89,9;27,6;27,2;1,40;64;64;001;000249;W;000064;W000064266326001
000014;T237L4;000014;001;00005;00000;00000;01;0000266327;101,3;31,1;30,7;1,40;65;65;001;000249;W;000065;W000065266327001
000014;T237L4;000014;001;00005;00000;00000;01;0000266328;97;29,8;29,4;1,40;66;66;001;000249;W;000066;W000066266328001
000014;T237L4;000014;001;00005;00000;00000;01;0000266329;101,6;31,2;30,8;1,40;67;67;001;000249;W;000067;W000067266329001
000014;T237L4;000014;001;00005;00000;00000;01;0000266330;86,4;26,6;26,2;1,40;68;68;001;000249;W;000068;W000068266330001
000014;T237L4;000014;001;00005;00000;00000;01;0000266331;100,3;30,8;30,4;1,40;69;69;001;000249;W;000069;W000069266331001
000014;T237L4;000014;001;00005;00000;00000;01;0000266332;97,5;29,9;29,5;1,40;70;70;001;000249;W;000070;W000070266332001
000014;T237L4;000014;001;00005;00000;00000;01;0000266333;98,9;30,4;30,0;1,40;71;71;001;000249;W;000071;W000071266333001
000014;T237L4;000014;001;00005;00000;00000;01;0000266334;81,8;25,2;24,8;1,40;72;72;001;000249;W;000072;W000072266334001
000014;T237L4;000014;001;00005;00000;00000;01;0000266335;102,3;31,4;31,0;1,40;73;73;001;000249;W;000073;W000073266335001
000014;T237L4;000014;001;00005;00000;00000;01;0000266336;80,5;24,8;24,4;1,40;74;74;001;000249;W;000074;W000074266336001
000014;T237L4;000014;001;00005;00000;00000;01;0000266337;100;30,7;30,3;1,40;75;75;001;000249;W;000075;W000075266337001
000014;T237L4;000014;001;00005;00000;00000;01;0000266338;94,1;28,9;28,5;1,40;76;76;001;000249;W;000076;W000076266338001
000014;T237L4;000014;001;00005;00000;00000;01;0000266339;100,8;30,9;30,5;1,40;77;77;001;000249;W;000077;W000077266339001
000014;T237L4;000014;001;00005;00000;00000;01;0000266340;74,1;22,9;22,5;1,40;78;78;001;000249;W;000078;W000078266340001
000014;T237L4;000014;001;00005;00000;00000;01;0000266341;108;33,1;32,7;1,40;79;79;001;000249;W;000079;W000079266341001
000014;T237L4;000014;001;00005;00000;00000;01;0000266342;55,8;17,3;16,9;1,40;80;80;001;000249;W;000080;W000080266342001
000014;T237L4;000014;001;00005;00000;00000;01;0000266343;102,8;31,6;31,2;1,40;81;81;001;000249;W;000081;W000081266343001
000014;T237L4;000014;001;00005;00000;00000;01;0000266344;72,6;22,4;22,0;1,40;82;82;001;000249;W;000082;W000082266344001
000014;T237L4;000014;001;00005;00000;00000;01;0000266345;100,3;30,8;30,4;1,40;83;83;001;000249;W;000083;W000083266345001
000014;T237L4;000014;001;00005;00000;00000;01;0000266346;98,3;30,2;29,8;1,40;84;84;001;000249;W;000084;W000084266346001
000014;T237L4;000014;001;00005;00000;00000;01;0000266347;87,6;26,9;26,5;1,40;85;85;001;000249;W;000085;W000085266347001
000014;T237L5;000014;001;00005;00000;00000;01;0000266348;104,2;32,0;31,6;1,40;86;86;001;000249;W;000086;W000086266348001
000014;T237L5;000014;001;00005;00000;00000;01;0000266349;98,7;30,3;29,9;1,40;87;87;001;000249;W;000087;W000087266349001
000014;T237L5;000014;001;00005;00000;00000;01;0000266350;88,5;27,2;26,8;1,40;88;88;001;000249;W;000088;W000088266350001
000014;T237L5;000014;001;00005;00000;00000;01;0000266351;95,6;29,4;29,0;1,40;89;89;001;000249;W;000089;W000089266351001
000014;T237L5;000014;001;00005;00000;00000;01;0000266352;84,3;25,9;25,5;1,40;90;90;001;000249;W;000090;W000090266352001
000014;T237L5;000014;001;00005;00000;00000;01;0000266353;100,3;30,8;30,4;1,40;91;91;001;000249;W;000091;W000091266353001
000014;T237L5;000014;001;00005;00000;00000;01;0000266354;60,1;18,6;18,2;1,40;92;92;001;000249;W;000092;W000092266354001
000014;T237L5;000014;001;00005;00000;00000;01;0000266355;97,3;29,9;29,5;1,40;93;93;001;000249;W;000093;W000093266355001
000014;T237L5;000014;001;00005;00000;00000;01;0000266356;91,4;28,1;27,7;1,40;94;94;001;000249;W;000094;W000094266356001
000014;T237L5;000014;001;00005;00000;00000;01;0000266357;99,9;30,7;30,3;1,40;95;95;001;000249;W;000095;W000095266357001
000014;T237L5;000014;001;00005;00000;00000;01;0000266358;89,7;27,6;27,2;1,40;96;96;001;000249;W;000096;W000096266358001
000014;T237L5;000014;001;00005;00000;00000;01;0000266359;101,7;31,2;30,8;1,40;97;97;001;000249;W;000097;W000097266359001
000014;T237L5;000014;001;00005;00000;00000;01;0000266360;95;29,2;28,8;1,40;98;98;001;000249;W;000098;W000098266360001
000014;T237L5;000014;001;00005;00000;00000;01;0000266361;100,6;30,9;30,5;1,40;99;99;001;000249;W;000099;W000099266361001
000014;T237L5;000014;001;00005;00000;00000;01;0000266362;97,1;29,8;29,4;1,40;100;100;001;000249;W;000100;W000100266362001
000014;T237L5;000014;001;00005;00000;00000;01;0000266363;98,9;30,4;30,0;1,40;101;101;001;000249;W;000101;W000101266363001
000014;T237L5;000014;001;00005;00000;00000;01;0000266364;90,3;27,8;27,4;1,40;102;102;001;000249;W;000102;W000102266364001
000014;T237L5;000014;001;00005;00000;00000;01;0000266365;98,8;30,3;29,9;1,40;103;103;001;000249;W;000103;W000103266365001
000014;T237L5;000014;001;00005;00000;00000;01;0000266366;92,1;28,3;27,9;1,40;104;104;001;000249;W;000104;W000104266366001
000014;T237L6;000014;001;00005;00000;00000;01;0000266367;99,8;30,6;30,2;1,40;105;105;001;000249;W;000105;W000105266367001
000014;T237L6;000014;001;00005;00000;00000;01;0000266368;89,2;27,4;27,0;1,40;106;106;001;000249;W;000106;W000106266368001
000014;T237L6;000014;001;00005;00000;00000;01;0000266369;99,5;30,6;30,2;1,40;107;107;001;000249;W;000107;W000107266369001
000014;T237L6;000014;001;00005;00000;00000;01;0000266370;84,3;25,9;25,5;1,40;108;108;001;000249;W;000108;W000108266370001
000014;T237L6;000014;001;00005;00000;00000;01;0000266371;100,6;30,9;30,5;1,40;109;109;001;000249;W;000109;W000109266371001
000014;T237L6;000014;001;00005;00000;00000;01;0000266372;89,4;27,5;27,1;1,40;110;110;001;000249;W;000110;W000110266372001
000014;T237L6;000014;001;00005;00000;00000;01;0000266373;104,5;32,1;31,7;1,40;111;111;001;000249;W;000111;W000111266373001
000014;T237L6;000014;001;00005;00000;00000;01;0000266374;93,2;28,6;28,2;1,40;112;112;001;000249;W;000112;W000112266374001
000014;T237L6;000014;001;00005;00000;00000;01;0000266375;99,8;30,6;30,2;1,40;113;113;001;000249;W;000113;W000113266375001
000014;T237L6;000014;001;00005;00000;00000;01;0000266376;90,7;27,9;27,5;1,40;114;114;001;000249;W;000114;W000114266376001
000014;T237L6;000014;001;00005;00000;00000;01;0000266377;109,5;33,6;33,2;1,40;115;115;001;000249;W;000115;W000115266377001
000014;T237L6;000014;001;00005;00000;00000;01;0000266378;84,9;26,1;25,7;1,40;116;116;001;000249;W;000116;W000116266378001
000014;T237L6;000014;001;00005;00000;00000;01;0000266379;93;28,6;28,2;1,40;117;117;001;000249;W;000117;W000117266379001
000014;T237L6;000014;001;00005;00000;00000;01;0000266380;70,2;21,7;21,3;1,40;118;118;001;000249;W;000118;W000118266380001
000014;T237L6;000014;001;00005;00000;00000;01;0000266381;102,9;31,6;31,2;1,40;119;119;001;000249;W;000119;W000119266381001
000014;T237L6;000014;001;00005;00000;00000;01;0000266382;77,2;23,8;23,4;1,40;120;120;001;000249;W;000120;W000120266382001
000014;T237L6;000014;001;00005;00000;00000;01;0000266383;99,1;30,4;30,0;1,40;121;121;001;000249;W;000121;W000121266383001
000014;T237L6;000014;001;00005;00000;00000;01;0000266384;95,1;29,2;28,8;1,40;122;122;001;000249;W;000122;W000122266384001
000014;T237L6;000014;001;00005;00000;00000;01;0000266385;99,6;30,6;30,2;1,40;123;123;001;000249;W;000123;W000123266385001
000014;T237L6;000014;001;00005;00000;00000;01;0000266386;94,3;29,0;28,6;1,40;124;124;001;000249;W;000124;W000124266386001
000014;T237L7;000014;001;00005;00000;00000;01;0000266387;99,3;30,5;30,1;1,40;125;125;001;000249;W;000125;W000125266387001
000014;T237L7;000014;001;00005;00000;00000;01;0000266388;89,6;27,6;27,2;1,40;126;126;001;000249;W;000126;W000126266388001
000014;T237L7;000014;001;00005;00000;00000;01;0000266389;102,4;31,4;31,0;1,40;127;127;001;000249;W;000127;W000127266389001
000014;T237L7;000014;001;00005;00000;00000;01;0000266390;111;34,0;33,6;1,40;128;128;001;000249;W;000128;W000128266390001
000014;T237L7;000014;001;00005;00000;00000;01;0000266391;104,4;32,0;31,6;1,40;129;129;001;000249;W;000129;W000129266391001
000014;T237L7;000014;001;00005;00000;00000;01;0000266392;95,4;29,3;28,9;1,40;130;130;001;000249;W;000130;W000130266392001
000014;T237L7;000014;001;00005;00000;00000;01;0000266393;91,4;28,1;27,7;1,40;131;131;001;000249;W;000131;W000131266393001
000014;T237L7;000014;001;00005;00000;00000;01;0000266394;101,3;31,1;30,7;1,40;132;132;001;000249;W;000132;W000132266394001
000014;T237L7;000014;001;00005;00000;00000;01;0000266395;110,9;34,0;33,6;1,40;133;133;001;000249;W;000133;W000133266395001
000014;T237L7;000014;001;00005;00000;00000;01;0000266396;108,5;33,3;32,9;1,40;134;134;001;000249;W;000134;W000134266396001
000014;T237L7;000014;001;00005;00000;00000;01;0000266397;83,6;25,7;25,3;1,40;135;135;001;000249;W;000135;W000135266397001
000014;T237L7;000014;001;00005;00000;00000;01;0000266398;109,7;33,6;33,2;1,40;136;136;001;000249;W;000136;W000136266398001
000014;T237L7;000014;001;00005;00000;00000;01;0000266399;82,3;25,3;24,9;1,40;137;137;001;000249;W;000137;W000137266399001
000014;T237L7;000014;001;00005;00000;00000;01;0000266400;99,9;30,7;30,3;1,40;138;138;001;000249;W;000138;W000138266400001
000014;T237L7;000014;001;00005;00000;00000;01;0000266401;88,4;27,2;26,8;1,40;139;139;001;000249;W;000139;W000139266401001
000014;T237L7;000014;001;00005;00000;00000;01;0000266402;98,2;30,2;29,8;1,40;140;140;001;000249;W;000140;W000140266402001
000014;T237L7;000014;001;00005;00000;00000;01;0000266403;96,1;29,5;29,1;1,40;141;141;001;000249;W;000141;W000141266403001
000014;T237L7;000014;001;00005;00000;00000;01;0000266404;98,6;30,3;29,9;1,40;142;142;001;000249;W;000142;W000142266404001
000014;T237L7;000014;001;00005;00000;00000;01;0000266405;79;24,3;23,9;1,40;143;143;001;000249;W;000143;W000143266405001
000014;T237L8;000014;001;00005;00000;00000;01;0000266406;101,3;31,1;30,7;1,40;144;144;001;000249;W;000144;W000144266406001
000014;T237L8;000014;001;00005;00000;00000;01;0000266407;92;28,3;27,9;1,40;145;145;001;000249;W;000145;W000145266407001
000014;T237L8;000014;001;00005;00000;00000;01;0000266408;64,9;20,1;19,7;1,40;146;146;001;000249;W;000146;W000146266408001
000014;T237L8;000014;001;00005;00000;00000;01;0000266409;99,9;30,7;30,3;1,40;147;147;001;000249;W;000147;W000147266409001
000014;T237L8;000014;001;00005;00000;00000;01;0000266410;89,5;27,5;27,1;1,40;148;148;001;000249;W;000148;W000148266410001
000014;T237L8;000014;001;00005;00000;00000;01;0000266411;98,5;30,2;29,8;1,40;149;149;001;000249;W;000149;W000149266411001
000014;T237L8;000014;001;00005;00000;00000;01;0000266412;83;25,6;25,2;1,40;150;150;001;000249;W;000150;W000150266412001
000014;T237L8;000014;001;00005;00000;00000;01;0000266413;97,7;30,0;29,6;1,40;151;151;001;000249;W;000151;W000151266413001
000014;T237L8;000014;001;00005;00000;00000;01;0000266414;87,6;26,9;26,5;1,40;152;152;001;000249;W;000152;W000152266414001
000014;T237L8;000014;001;00005;00000;00000;01;0000266415;98,6;30,3;29,9;1,40;153;153;001;000249;W;000153;W000153266415001
000014;T237L8;000014;001;00005;00000;00000;01;0000266416;92;28,3;27,9;1,40;154;154;001;000249;W;000154;W000154266416001
000014;T237L8;000014;001;00005;00000;00000;01;0000266417;99,7;30,6;30,2;1,40;155;155;001;000249;W;000155;W000155266417001
000014;T237L8;000014;001;00005;00000;00000;01;0000266418;85;26,2;25,8;1,40;156;156;001;000249;W;000156;W000156266418001
000014;T237L8;000014;001;00005;00000;00000;01;0000266419;99,5;30,6;30,2;1,40;157;157;001;000249;W;000157;W000157266419001
000014;T237L8;000014;001;00005;00000;00000;01;0000266420;111;34,0;33,6;1,40;158;158;001;000249;W;000158;W000158266420001
000014;T237L8;000014;001;00005;00000;00000;01;0000266421;101;31,0;30,6;1,40;159;159;001;000249;W;000159;W000159266421001
000014;T237L9;000014;001;00005;00000;00000;01;0000266422;101,6;31,2;30,8;1,40;160;160;001;000249;W;000160;W000160266422001
000014;T237L9;000014;001;00005;00000;00000;01;0000266423;90,8;27,9;27,5;1,40;161;161;001;000249;W;000161;W000161266423001
000014;T237L9;000014;001;00005;00000;00000;01;0000266424;96,6;29,7;29,3;1,40;162;162;001;000249;W;000162;W000162266424001
000014;T237L9;000014;001;00005;00000;00000;01;0000266425;88,7;27,3;26,9;1,40;163;163;001;000249;W;000163;W000163266425001
000014;T237L9;000014;001;00005;00000;00000;01;0000266426;101;31,0;30,6;1,40;164;164;001;000249;W;000164;W000164266426001
000014;T237L9;000014;001;00005;00000;00000;01;0000266427;98;30,1;29,7;1,40;165;165;001;000249;W;000165;W000165266427001
000014;T237L9;000014;001;00005;00000;00000;01;0000266428;100,9;31,0;30,6;1,40;166;166;001;000249;W;000166;W000166266428001
000014;T237L9;000014;001;00005;00000;00000;01;0000266429;91;28,0;27,6;1,40;167;167;001;000249;W;000167;W000167266429001
000014;T237L9;000014;001;00005;00000;00000;01;0000266430;96,8;29,7;29,3;1,40;168;168;001;000249;W;000168;W000168266430001
000014;T237L9;000014;001;00005;00000;00000;01;0000266431;92,5;28,4;28,0;1,40;169;169;001;000249;W;000169;W000169266431001
000014;T237L9;000014;001;00005;00000;00000;01;0000266432;100,4;30,8;30,4;1,40;170;170;001;000249;W;000170;W000170266432001
000014;T237L9;000014;001;00005;00000;00000;01;0000266433;102,6;31,5;31,1;1,40;171;171;001;000249;W;000171;W000171266433001
000014;T237L9;000014;001;00005;00000;00000;01;0000266434;44,4;13,9;13,5;1,40;172;172;001;000249;W;000172;W000172266434001
000014;T237L9;000014;001;00005;00000;00000;01;0000266435;101,9;31,3;30,9;1,40;173;173;001;000249;W;000173;W000173266435001
000014;T237L9;000014;001;00005;00000;00000;01;0000266436;83;25,6;25,2;1,40;174;174;001;000249;W;000174;W000174266436001
000014;T237L9;000014;001;00005;00000;00000;01;0000266437;101,1;31,0;30,6;1,40;175;175;001;000249;W;000175;W000175266437001
000014;T237L9;000014;001;00005;00000;00000;01;0000266438;94,5;29,0;28,6;1,40;176;176;001;000249;W;000176;W000176266438001
000014;T237L9;000014;001;00005;00000;00000;01;0000266439;102,7;31,5;31,1;1,40;177;177;001;000249;W;000177;W000177266439001
000014;T237L9;000014;001;00005;00000;00000;01;0000266440;90,1;27,7;27,3;1,40;178;178;001;000249;W;000178;W000178266440001
000014;T237L9;000014;001;00005;00000;00000;01;0000266441;100,1;30,7;30,3;1,40;179;179;001;000249;W;000179;W000179266441001
000014;T237L9;000014;001;00005;00000;00000;01;0000266442;97,3;29,9;29,5;1,40;180;180;001;000249;W;000180;W000180266442001
000014;T237L1;000014;001;00012;00000;00000;01;0000266443;104,3;32,0;31,6;1,40;181;1;001;000249;W;000001;W000001266443001
000014;T237L1;000014;001;00012;00000;00000;01;0000266444;83,7;25,8;25,4;1,40;182;2;001;000249;W;000002;W000002266444001
000014;T237L1;000014;001;00012;00000;00000;01;0000266445;100,6;30,9;30,5;1,40;183;3;001;000249;W;000003;W000003266445001
000014;T237L1;000014;001;00012;00000;00000;01;0000266446;88,9;27,3;26,9;1,40;184;4;001;000249;W;000004;W000004266446001
000014;T237L1;000014;001;00012;00000;00000;01;0000266447;100,6;30,9;30,5;1,40;185;5;001;000249;W;000005;W000005266447001
000014;T237L1;000014;001;00012;00000;00000;01;0000266448;103,9;31,9;31,5;1,40;186;6;001;000249;W;000006;W000006266448001
000014;T237L1;000014;001;00012;00000;00000;01;0000266449;108,8;33,4;33,0;1,40;187;7;001;000249;W;000007;W000007266449001
000014;T237L1;000014;001;00012;00000;00000;01;0000266450;106,3;32,6;32,2;1,40;188;8;001;000249;W;000008;W000008266450001
000014;T237L1;000014;001;00012;00000;00000;01;0000266451;103,7;31,8;31,4;1,40;189;9;001;000249;W;000009;W000009266451001
000014;T237L1;000014;001;00012;00000;00000;01;0000266452;92,4;28,4;28,0;1,40;190;10;001;000249;W;000010;W000010266452001
000014;T237L1;000014;001;00012;00000;00000;01;0000266453;104,2;32,0;31,6;1,40;191;11;001;000249;W;000011;W000011266453001
000014;T237L1;000014;001;00012;00000;00000;01;0000266454;86,8;26,7;26,3;1,40;192;12;001;000249;W;000012;W000012266454001
000014;T237L1;000014;001;00012;00000;00000;01;0000266455;104,5;32,1;31,7;1,40;193;13;001;000249;W;000013;W000013266455001
000014;T237L1;000014;001;00012;00000;00000;01;0000266456;63;19,5;19,1;1,40;194;14;001;000249;W;000014;W000014266456001
000014;T237L1;000014;001;00012;00000;00000;01;0000266457;100,9;31,0;30,6;1,40;195;15;001;000249;W;000015;W000015266457001
000014;T237L1;000014;001;00012;00000;00000;01;0000266458;102,6;31,5;31,1;1,40;196;16;001;000249;W;000016;W000016266458001
000014;T237L2;000014;001;00012;00000;00000;01;0000266459;100,8;30,9;30,5;1,40;197;17;001;000249;W;000017;W000017266459001
000014;T237L2;000014;001;00012;00000;00000;01;0000266460;101,7;31,2;30,8;1,40;198;18;001;000249;W;000018;W000018266460001
000014;T237L2;000014;001;00012;00000;00000;01;0000266461;100;30,7;30,3;1,40;199;19;001;000249;W;000019;W000019266461001
000014;T237L2;000014;001;00012;00000;00000;01;0000266462;101,9;31,3;30,9;1,40;200;20;001;000249;W;000020;W000020266462001
000014;T237L2;000014;001;00012;00000;00000;01;0000266463;101,4;31,1;30,7;1,40;201;21;001;000249;W;000021;W000021266463001
000014;T237L2;000014;001;00012;00000;00000;01;0000266464;100,2;30,8;30,4;1,40;202;22;001;000249;W;000022;W000022266464001
000014;T237L2;000014;001;00012;00000;00000;01;0000266465;100;30,7;30,3;1,40;203;23;001;000249;W;000023;W000023266465001
000014;T237L2;000014;001;00012;00000;00000;01;0000266466;104,9;32,2;31,8;1,40;204;24;001;000249;W;000024;W000024266466001
000014;T237L2;000014;001;00012;00000;00000;01;0000266467;104,2;32,0;31,6;1,40;205;25;001;000249;W;000025;W000025266467001
000014;T237L2;000014;001;00012;00000;00000;01;0000266468;80;24,6;24,2;1,40;206;26;001;000249;W;000026;W000026266468001
000014;T237L2;000014;001;00012;00000;00000;01;0000266469;101,1;31,0;30,6;1,40;207;27;001;000249;W;000027;W000027266469001
000014;T237L2;000014;001;00012;00000;00000;01;0000266470;103,6;31,8;31,4;1,40;208;28;001;000249;W;000028;W000028266470001
000014;T237L2;000014;001;00012;00000;00000;01;0000266471;100;30,7;30,3;1,40;209;29;001;000249;W;000029;W000029266471001
000014;T237L2;000014;001;00012;00000;00000;01;0000266472;109,4;33,6;33,2;1,40;210;30;001;000249;W;000030;W000030266472001
000014;T237L2;000014;001;00012;00000;00000;01;0000266473;110;33,7;33,3;1,40;211;31;001;000249;W;000031;W000031266473001
000014;T237L2;000014;001;00012;00000;00000;01;0000266474;111,2;34,1;33,7;1,40;212;32;001;000249;W;000032;W000032266474001
000014;T237L3;000014;001;00012;00000;00000;01;0000266475;101,7;31,2;30,8;1,40;213;33;001;000249;W;000033;W000033266475001
000014;T237L3;000014;001;00012;00000;00000;01;0000266476;64,5;19,9;19,5;1,40;214;34;001;000249;W;000034;W000034266476001
000014;T237L3;000014;001;00012;00000;00000;01;0000266477;99,2;30,5;30,1;1,40;215;35;001;000249;W;000035;W000035266477001
000014;T237L3;000014;001;00012;00000;00000;01;0000266478;101,6;31,2;30,8;1,40;216;36;001;000249;W;000036;W000036266478001
000014;T237L3;000014;001;00012;00000;00000;01;0000266479;102,2;31,4;31,0;1,40;217;37;001;000249;W;000037;W000037266479001
000014;T237L3;000014;001;00012;00000;00000;01;0000266480;87,3;26,9;26,5;1,40;218;38;001;000249;W;000038;W000038266480001
000014;T237L3;000014;001;00012;00000;00000;01;0000266481;101;31,0;30,6;1,40;219;39;001;000249;W;000039;W000039266481001
000014;T237L3;000014;001;00012;00000;00000;01;0000266482;102,1;31,3;30,9;1,40;220;40;001;000249;W;000040;W000040266482001
000014;T237L3;000014;001;00012;00000;00000;01;0000266483;101,2;31,1;30,7;1,40;221;41;001;000249;W;000041;W000041266483001
000014;T237L3;000014;001;00012;00000;00000;01;0000266484;90;27,7;27,3;1,40;222;42;001;000249;W;000042;W000042266484001
000014;T237L3;000014;001;00012;00000;00000;01;0000266485;103,6;31,8;31,4;1,40;223;43;001;000249;W;000043;W000043266485001
000014;T237L3;000014;001;00012;00000;00000;01;0000266486;90;27,7;27,3;1,40;224;44;001;000249;W;000044;W000044266486001
000014;T237L3;000014;001;00012;00000;00000;01;0000266487;100,4;30,8;30,4;1,40;225;45;001;000249;W;000045;W000045266487001
000014;T237L3;000014;001;00012;00000;00000;01;0000266488;69,4;21,4;21,0;1,40;226;46;001;000249;W;000046;W000046266488001
000014;T237L3;000014;001;00012;00000;00000;01;0000266489;98,3;30,2;29,8;1,40;227;47;001;000249;W;000047;W000047266489001
000014;T237L3;000014;001;00012;00000;00000;01;0000266490;100;30,7;30,3;1,40;228;48;001;000249;W;000048;W000048266490001
000014;T237L3;000014;001;00012;00000;00000;01;0000266491;107;32,8;32,4;1,40;229;49;001;000249;W;000049;W000049266491001
000014;T237L3;000014;001;00012;00000;00000;01;0000266492;84,3;25,9;25,5;1,40;230;50;001;000249;W;000050;W000050266492001
000014;T237L3;000014;001;00012;00000;00000;01;0000266493;101,1;31,0;30,6;1,40;231;51;001;000249;W;000051;W000051266493001
000014;T237L3;000014;001;00012;00000;00000;01;0000266494;96,3;29,6;29,2;1,40;232;52;001;000249;W;000052;W000052266494001
000014;T237L1;000014;001;00013;00000;00000;01;0000266495;101,9;31,3;30,9;1,40;233;1;001;000249;W;000001;W000001266495001
000014;T237L1;000014;001;00013;00000;00000;01;0000266496;82,4;25,4;25,0;1,40;234;2;001;000249;W;000002;W000002266496001
000014;T237L1;000014;001;00013;00000;00000;01;0000266497;99,9;30,7;30,3;1,40;235;3;001;000249;W;000003;W000003266497001
000014;T237L1;000014;001;00013;00000;00000;01;0000266498;95,1;29,2;28,8;1,40;236;4;001;000249;W;000004;W000004266498001
000014;T237L1;000014;001;00013;00000;00000;01;0000266499;101,5;31,2;30,8;1,40;237;5;001;000249;W;000005;W000005266499001
000014;T237L1;000014;001;00013;00000;00000;01;0000266500;95,5;29,3;28,9;1,40;238;6;001;000249;W;000006;W000006266500001
000014;T237L1;000014;001;00013;00000;00000;01;0000266501;99,6;30,6;30,2;1,40;239;7;001;000249;W;000007;W000007266501001
000014;T237L1;000014;001;00013;00000;00000;01;0000266502;98,4;30,2;29,8;1,40;240;8;001;000249;W;000008;W000008266502001
000014;T237L1;000014;001;00013;00000;00000;01;0000266503;101,1;31,0;30,6;1,40;241;9;001;000249;W;000009;W000009266503001
000014;T237L1;000014;001;00013;00000;00000;01;0000266504;110,4;33,9;33,5;1,40;242;10;001;000249;W;000010;W000010266504001
000014;T237L1;000014;001;00013;00000;00000;01;0000266505;51,4;16,0;15,6;1,40;243;11;001;000249;W;000011;W000011266505001
000014;T237L1;000014;001;00013;00000;00000;01;0000266506;104;31,9;31,5;1,40;244;12;001;000249;W;000012;W000012266506001
000014;T237L1;000014;001;00013;00000;00000;01;0000266507;93,5;28,7;28,3;1,40;245;13;001;000249;W;000013;W000013266507001
000014;T237L1;000014;001;00013;00000;00000;01;0000266508;100,5;30,9;30,5;1,40;246;14;001;000249;W;000014;W000014266508001
000014;T237L1;000014;001;00013;00000;00000;01;0000266509;93,5;28,7;28,3;1,40;247;15;001;000249;W;000015;W000015266509001
000014;T237L1;000014;001;00013;00000;00000;01;0000266510;100,8;30,9;30,5;1,40;248;16;001;000249;W;000016;W000016266510001
000014;T237L1;000014;001;00013;00000;00000;01;0000266511;101,9;31,3;30,9;1,40;249;17;001;000249;W;000017;W000017266511001
000014;T237L1;000014;001;00013;00000;00000;01;0000266512;99,2;30,5;30,1;1,40;250;18;001;000249;W;000018;W000018266512001
000014;T237L1;000014;001;00013;00000;00000;01;0000266513;96,5;29,6;29,2;1,40;251;19;001;000249;W;000019;W000019266513001
000014;T237L1;000014;001;00013;00000;00000;01;0000266514;78,9;24,3;23,9;1,40;252;20;001;000249;W;000020;W000020266514001
000014;T237L1;000014;001;00013;00000;00000;01;0000266515;101,2;31,1;30,7;1,40;253;21;001;000249;W;000021;W000021266515001
000014;T237L2;000014;001;00013;00000;00000;01;0000266516;104,1;31,9;31,5;1,40;254;22;001;000249;W;000022;W000022266516001
000014;T237L2;000014;001;00013;00000;00000;01;0000266517;101,3;31,1;30,7;1,40;255;23;001;000249;W;000023;W000023266517001
000014;T237L2;000014;001;00013;00000;00000;01;0000266518;99,1;30,4;30,0;1,40;256;24;001;000249;W;000024;W000024266518001
000014;T237L2;000014;001;00013;00000;00000;01;0000266519;89,1;27,4;27,0;1,40;257;25;001;000249;W;000025;W000025266519001
000014;T237L2;000014;001;00013;00000;00000;01;0000266520;106,8;32,8;32,4;1,40;258;26;001;000249;W;000026;W000026266520001
000014;T237L2;000014;001;00013;00000;00000;01;0000266521;97,5;29,9;29,5;1,40;259;27;001;000249;W;000027;W000027266521001
000014;T237L2;000014;001;00013;00000;00000;01;0000266522;90,7;27,9;27,5;1,40;260;28;001;000249;W;000028;W000028266522001
000014;T237L2;000014;001;00013;00000;00000;01;0000266523;98,9;30,4;30,0;1,40;261;29;001;000249;W;000029;W000029266523001
000014;T237L2;000014;001;00013;00000;00000;01;0000266524;82,7;25,5;25,1;1,40;262;30;001;000249;W;000030;W000030266524001
000014;T237L2;000014;001;00013;00000;00000;01;0000266525;99;30,4;30,0;1,40;263;31;001;000249;W;000031;W000031266525001
000014;T237L2;000014;001;00013;00000;00000;01;0000266526;90,5;27,8;27,4;1,40;264;32;001;000249;W;000032;W000032266526001
000014;T237L2;000014;001;00013;00000;00000;01;0000266527;96,7;29,7;29,3;1,40;265;33;001;000249;W;000033;W000033266527001
000014;T237L2;000014;001;00013;00000;00000;01;0000266528;95,2;29,2;28,8;1,40;266;34;001;000249;W;000034;W000034266528001
000014;T237L2;000014;001;00013;00000;00000;01;0000266529;100,4;30,8;30,4;1,40;267;35;001;000249;W;000035;W000035266529001
000014;T237L2;000014;001;00013;00000;00000;01;0000266530;73,9;22,8;22,4;1,40;268;36;001;000249;W;000036;W000036266530001
000014;T237L2;000014;001;00013;00000;00000;01;0000266531;100,2;30,8;30,4;1,40;269;37;001;000249;W;000037;W000037266531001
000014;T237L2;000014;001;00013;00000;00000;01;0000266532;102,4;31,4;31,0;1,40;270;38;001;000249;W;000038;W000038266532001
000014;T237L2;000014;001;00013;00000;00000;01;0000266533;112,3;34,4;34,0;1,40;271;39;001;000249;W;000039;W000039266533001
000014;T237L2;000014;001;00013;00000;00000;01;0000266534;82,9;25,5;25,1;1,40;272;40;001;000249;W;000040;W000040266534001
000014;T237L3;000014;001;00013;00000;00000;01;0000266535;101,8;31,2;30,8;1,40;273;41;001;000249;W;000041;W000041266535001
000014;T237L3;000014;001;00013;00000;00000;01;0000266536;63,7;19,7;19,3;1,40;274;42;001;000249;W;000042;W000042266536001
000014;T237L3;000014;001;00013;00000;00000;01;0000266537;99,3;30,5;30,1;1,40;275;43;001;000249;W;000043;W000043266537001
000014;T237L3;000014;001;00013;00000;00000;01;0000266538;87,5;26,9;26,5;1,40;276;44;001;000249;W;000044;W000044266538001
000014;T237L3;000014;001;00013;00000;00000;01;0000266539;104,4;32,0;31,6;1,40;277;45;001;000249;W;000045;W000045266539001
000014;T237L3;000014;001;00013;00000;00000;01;0000266540;71,8;22,2;21,8;1,40;278;46;001;000249;W;000046;W000046266540001
000014;T237L3;000014;001;00013;00000;00000;01;0000266541;99,9;30,7;30,3;1,40;279;47;001;000249;W;000047;W000047266541001
000014;T237L3;000014;001;00013;00000;00000;01;0000266542;81,7;25,2;24,8;1,40;280;48;001;000249;W;000048;W000048266542001
000014;T237L3;000014;001;00013;00000;00000;01;0000266543;99,8;30,6;30,2;1,40;281;49;001;000249;W;000049;W000049266543001
000014;T237L3;000014;001;00013;00000;00000;01;0000266544;82,4;25,4;25,0;1,40;282;50;001;000249;W;000050;W000050266544001
000014;T237L3;000014;001;00013;00000;00000;01;0000266545;101;31,0;30,6;1,40;283;51;001;000249;W;000051;W000051266545001
000014;T237L3;000014;001;00013;00000;00000;01;0000266546;91,5;28,1;27,7;1,40;284;52;001;000249;W;000052;W000052266546001
000014;T237L3;000014;001;00013;00000;00000;01;0000266547;101,4;31,1;30,7;1,40;285;53;001;000249;W;000053;W000053266547001
000014;T237L3;000014;001;00013;00000;00000;01;0000266548;84;25,9;25,5;1,40;286;54;001;000249;W;000054;W000054266548001
000014;T237L3;000014;001;00013;00000;00000;01;0000266549;102,8;31,6;31,2;1,40;287;55;001;000249;W;000055;W000055266549001
000014;T237L3;000014;001;00013;00000;00000;01;0000266550;88;27,1;26,7;1,40;288;56;001;000249;W;000056;W000056266550001
000014;T237L3;000014;001;00013;00000;00000;01;0000266551;102,1;31,3;30,9;1,40;289;57;001;000249;W;000057;W000057266551001
000014;T237L3;000014;001;00013;00000;00000;01;0000266552;90;27,7;27,3;1,40;290;58;001;000249;W;000058;W000058266552001
000014;T237L3;000014;001;00013;00000;00000;01;0000266553;105,4;32,3;31,9;1,40;291;59;001;000249;W;000059;W000059266553001
000014;T237L3;000014;001;00013;00000;00000;01;0000266554;88,4;27,2;26,8;1,40;292;60;001;000249;W;000060;W000060266554001
000014;T237L4;000014;001;00013;00000;00000;01;0000266555;99,8;30,6;30,2;1,40;293;61;001;000249;W;000061;W000061266555001
000014;T237L4;000014;001;00013;00000;00000;01;0000266556;76,7;23,6;23,2;1,40;294;62;001;000249;W;000062;W000062266556001
000014;T237L4;000014;001;00013;00000;00000;01;0000266557;95,8;29,4;29,0;1,40;295;63;001;000249;W;000063;W000063266557001
000014;T237L4;000014;001;00013;00000;00000;01;0000266558;85;26,2;25,8;1,40;296;64;001;000249;W;000064;W000064266558001
000014;T237L4;000014;001;00013;00000;00000;01;0000266559;102,7;31,5;31,1;1,40;297;65;001;000249;W;000065;W000065266559001
000014;T237L4;000014;001;00013;00000;00000;01;0000266560;85;26,2;25,8;1,40;298;66;001;000249;W;000066;W000066266560001
000014;T237L4;000014;001;00013;00000;00000;01;0000266561;102,8;31,6;31,2;1,40;299;67;001;000249;W;000067;W000067266561001
000014;T237L4;000014;001;00013;00000;00000;01;0000266562;109,9;33,7;33,3;1,40;300;68;001;000249;W;000068;W000068266562001
000014;T237L4;000014;001;00013;00000;00000;01;0000266563;110,1;33,8;33,4;1,40;301;69;001;000249;W;000069;W000069266563001
000014;T237L4;000014;001;00013;00000;00000;01;0000266564;95,2;29,2;28,8;1,40;302;70;001;000249;W;000070;W000070266564001
000014;T237L4;000014;001;00013;00000;00000;01;0000266565;101,6;31,2;30,8;1,40;303;71;001;000249;W;000071;W000071266565001
000014;T237L4;000014;001;00013;00000;00000;01;0000266566;89,7;27,6;27,2;1,40;304;72;001;000249;W;000072;W000072266566001
000014;T237L4;000014;001;00013;00000;00000;01;0000266567;100,6;30,9;30,5;1,40;305;73;001;000249;W;000073;W000073266567001
000014;T237L4;000014;001;00013;00000;00000;01;0000266568;86,7;26,7;26,3;1,40;306;74;001;000249;W;000074;W000074266568001
000014;T237L4;000014;001;00013;00000;00000;01;0000266569;100;30,7;30,3;1,40;307;75;001;000249;W;000075;W000075266569001
000014;T237L4;000014;001;00013;00000;00000;01;0000266570;87,7;27,0;26,6;1,40;308;76;001;000249;W;000076;W000076266570001
000014;T237L4;000014;001;00013;00000;00000;01;0000266571;101,4;31,1;30,7;1,40;309;77;001;000249;W;000077;W000077266571001
000014;T237L4;000014;001;00013;00000;00000;01;0000266572;87,6;26,9;26,5;1,40;310;78;001;000249;W;000078;W000078266572001
000014;T237L4;000014;001;00013;00000;00000;01;0000266573;100,3;30,8;30,4;1,40;311;79;001;000249;W;000079;W000079266573001
000014;T237L4;000014;001;00013;00000;00000;01;0000266574;77,4;23,9;23,5;1,40;312;80;001;000249;W;000080;W000080266574001
000014;T237L5;000014;001;00013;00000;00000;01;0000266575;101,4;31,1;30,7;1,40;313;81;001;000249;W;000081;W000081266575001
000014;T237L5;000014;001;00013;00000;00000;01;0000266576;58,1;18,0;17,6;1,40;314;82;001;000249;W;000082;W000082266576001
000014;T237L5;000014;001;00013;00000;00000;01;0000266577;98;30,1;29,7;1,40;315;83;001;000249;W;000083;W000083266577001
000014;T237L5;000014;001;00013;00000;00000;01;0000266578;89,4;27,5;27,1;1,40;316;84;001;000249;W;000084;W000084266578001
000014;T237L5;000014;001;00013;00000;00000;01;0000266579;91,5;28,1;27,7;1,40;317;85;001;000249;W;000085;W000085266579001
000014;T237L5;000014;001;00013;00000;00000;01;0000266580;105,6;32,4;32,0;1,40;318;86;001;000249;W;000086;W000086266580001
000014;T237L5;000014;001;00013;00000;00000;01;0000266581;101,8;31,2;30,8;1,40;319;87;001;000249;W;000087;W000087266581001
000014;T237L5;000014;001;00013;00000;00000;01;0000266582;92,8;28,5;28,1;1,40;320;88;001;000249;W;000088;W000088266582001
000014;T237L5;000014;001;00013;00000;00000;01;0000266583;91,9;28,2;27,8;1,40;321;89;001;000249;W;000089;W000089266583001
000014;T237L5;000014;001;00013;00000;00000;01;0000266584;79,6;24,5;24,1;1,40;322;90;001;000249;W;000090;W000090266584001
000014;T237L5;000014;001;00013;00000;00000;01;0000266585;100,1;30,7;30,3;1,40;323;91;001;000249;W;000091;W000091266585001
000014;T237L5;000014;001;00013;00000;00000;01;0000266586;86,8;26,7;26,3;1,40;324;92;001;000249;W;000092;W000092266586001
000014;T237L5;000014;001;00013;00000;00000;01;0000266587;100,5;30,9;30,5;1,40;325;93;001;000249;W;000093;W000093266587001
000014;T237L5;000014;001;00013;00000;00000;01;0000266588;100;30,7;30,3;1,40;326;94;001;000249;W;000094;W000094266588001
000014;T237L5;000014;001;00013;00000;00000;01;0000266589;100,4;30,8;30,4;1,40;327;95;001;000249;W;000095;W000095266589001
000014;T237L5;000014;001;00013;00000;00000;01;0000266590;98;30,1;29,7;1,40;328;96;001;000249;W;000096;W000096266590001
000014;T237L5;000014;001;00013;00000;00000;01;0000266591;100,7;30,9;30,5;1,40;329;97;001;000249;W;000097;W000097266591001
000014;T237L5;000014;001;00013;00000;00000;01;0000266592;71,1;21,9;21,5;1,40;330;98;001;000249;W;000098;W000098266592001
000014;T237L5;000014;001;00013;00000;00000;01;0000266593;98,3;30,2;29,8;1,40;331;99;001;000249;W;000099;W000099266593001
000014;T237L5;000014;001;00013;00000;00000;01;0000266594;109,7;33,6;33,2;1,40;332;100;001;000249;W;000100;W000100266594001
000014;T237L6;000014;001;00013;00000;00000;01;0000266595;94,8;29,1;28,7;1,40;333;101;001;000249;W;000101;W000101266595001
000014;T237L6;000014;001;00013;00000;00000;01;0000266596;111;34,0;33,6;1,40;334;102;001;000249;W;000102;W000102266596001
000014;T237L6;000014;001;00013;00000;00000;01;0000266597;111;34,0;33,6;1,40;335;103;001;000249;W;000103;W000103266597001
000014;T237L6;000014;001;00013;00000;00000;01;0000266598;35,6;11,2;10,8;1,40;336;104;001;000249;W;000104;W000104266598001
000014;T237L6;000014;001;00013;00000;00000;01;0000266599;100,5;30,9;30,5;1,40;337;105;001;000249;W;000105;W000105266599001
000014;T237L6;000014;001;00013;00000;00000;01;0000266600;86,4;26,6;26,2;1,40;338;106;001;000249;W;000106;W000106266600001
000014;T237L6;000014;001;00013;00000;00000;01;0000266601;99,3;30,5;30,1;1,40;339;107;001;000249;W;000107;W000107266601001
000014;T237L6;000014;001;00013;00000;00000;01;0000266602;95,7;29,4;29,0;1,40;340;108;001;000249;W;000108;W000108266602001
000014;T237L6;000014;001;00013;00000;00000;01;0000266603;97,8;30,0;29,6;1,40;341;109;001;000249;W;000109;W000109266603001
000014;T237L6;000014;001;00013;00000;00000;01;0000266604;68,6;21,2;20,8;1,40;342;110;001;000249;W;000110;W000110266604001
000014;T237L6;000014;001;00013;00000;00000;01;0000266605;96,8;29,7;29,3;1,40;343;111;001;000249;W;000111;W000111266605001
000014;T237L6;000014;001;00013;00000;00000;01;0000266606;100,6;30,9;30,5;1,40;344;112;001;000249;W;000112;W000112266606001
000014;T237L6;000014;001;00013;00000;00000;01;0000266607;110,5;33,9;33,5;1,40;345;113;001;000249;W;000113;W000113266607001
000014;T237L6;000014;001;00013;00000;00000;01;0000266608;104,6;32,1;31,7;1,40;346;114;001;000249;W;000114;W000114266608001
000014;T237L6;000014;001;00013;00000;00000;01;0000266609;100,9;31,0;30,6;1,40;347;115;001;000249;W;000115;W000115266609001
000014;T237L6;000014;001;00013;00000;00000;01;0000266610;97,1;29,8;29,4;1,40;348;116;001;000249;W;000116;W000116266610001
000014;T237L6;000014;001;00013;00000;00000;01;0000266611;84,4;26,0;25,6;1,40;349;117;001;000249;W;000117;W000117266611001
000014;T237L6;000014;001;00013;00000;00000;01;0000266612;94,2;28,9;28,5;1,40;350;118;001;000249;W;000118;W000118266612001
000014;T237L6;000014;001;00013;00000;00000;01;0000266613;111,8;34,3;33,9;1,40;351;119;001;000249;W;000119;W000119266613001
000014;T237L6;000014;001;00013;00000;00000;01;0000266614;108;33,1;32,7;1,40;352;120;001;000249;W;000120;W000120266614001
000014;T237L6;000014;001;00013;00000;00000;01;0000266615;101,5;31,2;30,8;1,40;353;121;001;000249;W;000121;W000121266615001
000014;T237L6;000014;001;00013;00000;00000;01;0000266616;58,7;18,2;17,8;1,40;354;122;001;000249;W;000122;W000122266616001
000014;T237L6;000014;001;00013;00000;00000;01;0000266617;100;30,7;30,3;1,40;355;123;001;000249;W;000123;W000123266617001
000014;T237L6;000014;001;00013;00000;00000;01;0000266618;86,9;26,7;26,3;1,40;356;124;001;000249;W;000124;W000124266618001
000014;T237L1;000014;001;00014;00000;00000;01;0000266619;102;31,3;30,9;1,40;357;1;001;000249;W;000001;W000001266619001
000014;T237L1;000014;001;00014;00000;00000;01;0000266620;53,5;16,6;16,2;1,40;358;2;001;000249;W;000002;W000002266620001
000014;T237L1;000014;001;00014;00000;00000;01;0000266621;101,5;31,2;30,8;1,40;359;3;001;000249;W;000003;W000003266621001
000014;T237L1;000014;001;00014;00000;00000;01;0000266622;91,5;28,1;27,7;1,40;360;4;001;000249;W;000004;W000004266622001
000014;T237L1;000014;001;00014;00000;00000;01;0000266623;101,4;31,1;30,7;1,40;361;5;001;000249;W;000005;W000005266623001
000014;T237L1;000014;001;00014;00000;00000;01;0000266624;102,4;31,4;31,0;1,40;362;6;001;000249;W;000006;W000006266624001
000014;T237L1;000014;001;00014;00000;00000;01;0000266625;100,5;30,9;30,5;1,40;363;7;001;000249;W;000007;W000007266625001
000014;T237L1;000014;001;00014;00000;00000;01;0000266626;90,4;27,8;27,4;1,40;364;8;001;000249;W;000008;W000008266626001
000014;T237L1;000014;001;00014;00000;00000;01;0000266627;101,3;31,1;30,7;1,40;365;9;001;000249;W;000009;W000009266627001
000014;T237L1;000014;001;00014;00000;00000;01;0000266628;97,5;29,9;29,5;1,40;366;10;001;000249;W;000010;W000010266628001
000014;T237L1;000014;001;00014;00000;00000;01;0000266629;101,5;31,2;30,8;1,40;367;11;001;000249;W;000011;W000011266629001
000014;T237L1;000014;001;00014;00000;00000;01;0000266630;96,4;29,6;29,2;1,40;368;12;001;000249;W;000012;W000012266630001
000014;T237L1;000014;001;00014;00000;00000;01;0000266631;100;30,7;30,3;1,40;369;13;001;000249;W;000013;W000013266631001
000014;T237L1;000014;001;00014;00000;00000;01;0000266632;95,8;29,4;29,0;1,40;370;14;001;000249;W;000014;W000014266632001
000014;T237L1;000014;001;00014;00000;00000;01;0000266633;101,9;31,3;30,9;1,40;371;15;001;000249;W;000015;W000015266633001
000014;T237L1;000014;001;00014;00000;00000;01;0000266634;94,8;29,1;28,7;1,40;372;16;001;000249;W;000016;W000016266634001
000014;T237L1;000014;001;00014;00000;00000;01;0000266635;102,6;31,5;31,1;1,40;373;17;001;000249;W;000017;W000017266635001
000014;T237L1;000014;001;00014;00000;00000;01;0000266636;57,9;17,9;17,5;1,40;374;18;001;000249;W;000018;W000018266636001
000014;T237L1;000014;001;00014;00000;00000;01;0000266637;97,5;29,9;29,5;1,40;375;19;001;000249;W;000019;W000019266637001
000014;T237L1;000014;001;00014;00000;00000;01;0000266638;99,2;30,5;30,1;1,40;376;20;001;000249;W;000020;W000020266638001
000014;T237L1;000014;001;00014;00000;00000;01;0000266639;64,9;20,1;19,7;1,40;377;21;001;000249;W;000021;W000021266639001
000014;T237L1;000014;001;00014;00000;00000;01;0000266640;100,8;30,9;30,5;1,40;378;22;001;000249;W;000022;W000022266640001
000014;T237L1;000014;001;00014;00000;00000;01;0000266641;94,5;29,0;28,6;1,40;379;23;001;000249;W;000023;W000023266641001
000014;T237L1;000014;001;00014;00000;00000;01;0000266642;105,3;32,3;31,9;1,40;380;24;001;000249;W;000024;W000024266642001
000014;T237L1;000014;001;00014;00000;00000;01;0000266643;91,4;28,1;27,7;1,40;381;25;001;000249;W;000025;W000025266643001
000014;T237L1;000014;001;00014;00000;00000;01;0000266644;100,4;30,8;30,4;1,40;382;26;001;000249;W;000026;W000026266644001
000014;T237L2;000014;001;00014;00000;00000;01;0000266645;61;18,9;18,5;1,40;383;27;001;000249;W;000027;W000027266645001
000014;T237L2;000014;001;00014;00000;00000;01;0000266646;101;31,0;30,6;1,40;384;28;001;000249;W;000028;W000028266646001
000014;T237L2;000014;001;00014;00000;00000;01;0000266647;98,1;30,1;29,7;1,40;385;29;001;000249;W;000029;W000029266647001
000014;T237L2;000014;001;00014;00000;00000;01;0000266648;100,8;30,9;30,5;1,40;386;30;001;000249;W;000030;W000030266648001
000014;T237L2;000014;001;00014;00000;00000;01;0000266649;95,6;29,4;29,0;1,40;387;31;001;000249;W;000031;W000031266649001
000014;T237L2;000014;001;00014;00000;00000;01;0000266650;100,1;30,7;30,3;1,40;388;32;001;000249;W;000032;W000032266650001
000014;T237L2;000014;001;00014;00000;00000;01;0000266651;103,4;31,7;31,3;1,40;389;33;001;000249;W;000033;W000033266651001
000014;T237L2;000014;001;00014;00000;00000;01;0000266652;109,5;33,6;33,2;1,40;390;34;001;000249;W;000034;W000034266652001
000014;T237L2;000014;001;00014;00000;00000;01;0000266653;109,4;33,6;33,2;1,40;391;35;001;000249;W;000035;W000035266653001
000014;T237L2;000014;001;00014;00000;00000;01;0000266654;97,6;30,0;29,6;1,40;392;36;001;000249;W;000036;W000036266654001
000014;T237L2;000014;001;00014;00000;00000;01;0000266655;96,9;29,8;29,4;1,40;393;37;001;000249;W;000037;W000037266655001
000014;T237L2;000014;001;00014;00000;00000;01;0000266656;99,2;30,5;30,1;1,40;394;38;001;000249;W;000038;W000038266656001
000014;T237L2;000014;001;00014;00000;00000;01;0000266657;95,4;29,3;28,9;1,40;395;39;001;000249;W;000039;W000039266657001
000014;T237L2;000014;001;00014;00000;00000;01;0000266658;99,6;30,6;30,2;1,40;396;40;001;000249;W;000040;W000040266658001
000014;T237L2;000014;001;00014;00000;00000;01;0000266659;97,6;30,0;29,6;1,40;397;41;001;000249;W;000041;W000041266659001
000014;T237L2;000014;001;00014;00000;00000;01;0000266660;102,1;31,3;30,9;1,40;398;42;001;000249;W;000042;W000042266660001
000014;T237L2;000014;001;00014;00000;00000;01;0000266661;100,5;30,9;30,5;1,40;399;43;001;000249;W;000043;W000043266661001
000014;T237L2;000014;001;00014;00000;00000;01;0000266662;93,9;28,9;28,5;1,40;400;44;001;000249;W;000044;W000044266662001
000014;T237L2;000014;001;00014;00000;00000;01;0000266663;101,1;31,0;30,6;1,40;401;45;001;000249;W;000045;W000045266663001
000014;T237L2;000014;001;00014;00000;00000;01;0000266664;64,4;19,9;19,5;1,40;402;46;001;000249;W;000046;W000046266664001
000014;T237L2;000014;001;00014;00000;00000;01;0000266665;100,3;30,8;30,4;1,40;403;47;001;000249;W;000047;W000047266665001
000014;T237L2;000014;001;00014;00000;00000;01;0000266666;95,4;29,3;28,9;1,40;404;48;001;000249;W;000048;W000048266666001
000014;T237L3;000014;001;00014;00000;00000;01;0000266667;104;31,9;31,5;1,40;405;49;001;000249;W;000049;W000049266667001
000014;T237L3;000014;001;00014;00000;00000;01;0000266668;93,6;28,8;28,4;1,40;406;50;001;000249;W;000050;W000050266668001
000014;T237L3;000014;001;00014;00000;00000;01;0000266669;102,6;31,5;31,1;1,40;407;51;001;000249;W;000051;W000051266669001
000014;T237L3;000014;001;00014;00000;00000;01;0000266670;90;27,7;27,3;1,40;408;52;001;000249;W;000052;W000052266670001
000014;T237L3;000014;001;00014;00000;00000;01;0000266671;100,6;30,9;30,5;1,40;409;53;001;000249;W;000053;W000053266671001
000014;T237L3;000014;001;00014;00000;00000;01;0000266672;57,2;17,7;17,3;1,40;410;54;001;000249;W;000054;W000054266672001
000014;T237L3;000014;001;00014;00000;00000;01;0000266673;98,8;30,3;29,9;1,40;411;55;001;000249;W;000055;W000055266673001
000014;T237L3;000014;001;00014;00000;00000;01;0000266674;98,7;30,3;29,9;1,40;412;56;001;000249;W;000056;W000056266674001
000014;T237L3;000014;001;00014;00000;00000;01;0000266675;101,5;31,2;30,8;1,40;413;57;001;000249;W;000057;W000057266675001
000014;T237L3;000014;001;00014;00000;00000;01;0000266676;98,2;30,2;29,8;1,40;414;58;001;000249;W;000058;W000058266676001
000014;T237L3;000014;001;00014;00000;00000;01;0000266677;99,9;30,7;30,3;1,40;415;59;001;000249;W;000059;W000059266677001
000014;T237L3;000014;001;00014;00000;00000;01;0000266678;99,4;30,5;30,1;1,40;416;60;001;000249;W;000060;W000060266678001
000014;T237L3;000014;001;00014;00000;00000;01;0000266679;101,6;31,2;30,8;1,40;417;61;001;000249;W;000061;W000061266679001
000014;T237L3;000014;001;00014;00000;00000;01;0000266680;95,5;29,3;28,9;1,40;418;62;001;000249;W;000062;W000062266680001
000014;T237L3;000014;001;00014;00000;00000;01;0000266681;101,7;31,2;30,8;1,40;419;63;001;000249;W;000063;W000063266681001
000014;T237L3;000014;001;00014;00000;00000;01;0000266682;96,3;29,6;29,2;1,40;420;64;001;000249;W;000064;W000064266682001
000014;T237L3;000014;001;00014;00000;00000;01;0000266683;104,7;32,1;31,7;1,40;421;65;001;000249;W;000065;W000065266683001
000014;T237L3;000014;001;00014;00000;00000;01;0000266684;94,9;29,2;28,8;1,40;422;66;001;000249;W;000066;W000066266684001
000014;T237L3;000014;001;00014;00000;00000;01;0000266685;100,3;30,8;30,4;1,40;423;67;001;000249;W;000067;W000067266685001
000014;T237L3;000014;001;00014;00000;00000;01;0000266686;97,3;29,9;29,5;1,40;424;68;001;000249;W;000068;W000068266686001
000014;T237L3;000014;001;00014;00000;00000;01;0000266687;101,5;31,2;30,8;1,40;425;69;001;000249;W;000069;W000069266687001
000014;T237L3;000014;001;00014;00000;00000;01;0000266688;97;29,8;29,4;1,40;426;70;001;000249;W;000070;W000070266688001
000014;T237L3;000014;001;00014;00000;00000;01;0000266689;100,5;30,9;30,5;1,40;427;71;001;000249;W;000071;W000071266689001
000014;T237L3;000014;001;00014;00000;00000;01;0000266690;95,4;29,3;28,9;1,40;428;72;001;000249;W;000072;W000072266690001
000014;T237L4;000014;001;00014;00000;00000;01;0000266691;100,6;30,9;30,5;1,40;429;73;001;000249;W;000073;W000073266691001
000014;T237L4;000014;001;00014;00000;00000;01;0000266692;97,2;29,9;29,5;1,40;430;74;001;000249;W;000074;W000074266692001
000014;T237L4;000014;001;00014;00000;00000;01;0000266693;101,8;31,2;30,8;1,40;431;75;001;000249;W;000075;W000075266693001
000014;T237L4;000014;001;00014;00000;00000;01;0000266694;97,8;30,0;29,6;1,40;432;76;001;000249;W;000076;W000076266694001
000014;T237L4;000014;001;00014;00000;00000;01;0000266695;101,1;31,0;30,6;1,40;433;77;001;000249;W;000077;W000077266695001
000014;T237L4;000014;001;00014;00000;00000;01;0000266696;109,9;33,7;33,3;1,40;434;78;001;000249;W;000078;W000078266696001
000014;T237L4;000014;001;00014;00000;00000;01;0000266697;91,6;28,2;27,8;1,40;435;79;001;000249;W;000079;W000079266697001
000014;T237L4;000014;001;00014;00000;00000;01;0000266698;98,6;30,3;29,9;1,40;436;80;001;000249;W;000080;W000080266698001
000014;T237L4;000014;001;00014;00000;00000;01;0000266699;83,4;25,7;25,3;1,40;437;81;001;000249;W;000081;W000081266699001
000014;T237L4;000014;001;00014;00000;00000;01;0000266700;100,5;30,9;30,5;1,40;438;82;001;000249;W;000082;W000082266700001
000014;T237L4;000014;001;00014;00000;00000;01;0000266701;99,7;30,6;30,2;1,40;439;83;001;000249;W;000083;W000083266701001
000014;T237L4;000014;001;00014;00000;00000;01;0000266702;101,2;31,1;30,7;1,40;440;84;001;000249;W;000084;W000084266702001
000014;T237L4;000014;001;00014;00000;00000;01;0000266703;97,1;29,8;29,4;1,40;441;85;001;000249;W;000085;W000085266703001
000014;T237L4;000014;001;00014;00000;00000;01;0000266704;100,4;30,8;30,4;1,40;442;86;001;000249;W;000086;W000086266704001
000014;T237L4;000014;001;00014;00000;00000;01;0000266705;98,9;30,4;30,0;1,40;443;87;001;000249;W;000087;W000087266705001
000014;T237L4;000014;001;00014;00000;00000;01;0000266706;100,8;30,9;30,5;1,40;444;88;001;000249;W;000088;W000088266706001
000014;T237L4;000014;001;00014;00000;00000;01;0000266707;100,1;30,7;30,3;1,40;445;89;001;000249;W;000089;W000089266707001
000014;T237L4;000014;001;00014;00000;00000;01;0000266708;100,2;30,8;30,4;1,40;446;90;001;000249;W;000090;W000090266708001
000014;T237L4;000014;001;00014;00000;00000;01;0000266709;95,8;29,4;29,0;1,40;447;91;001;000249;W;000091;W000091266709001
000014;T237L4;000014;001;00014;00000;00000;01;0000266710;101,3;31,1;30,7;1,40;448;92;001;000249;W;000092;W000092266710001
000014;T237L4;000014;001;00014;00000;00000;01;0000266711;100,1;30,7;30,3;1,40;449;93;001;000249;W;000093;W000093266711001
000014;T237L4;000014;001;00014;00000;00000;01;0000266712;100,7;30,9;30,5;1,40;450;94;001;000249;W;000094;W000094266712001
000014;T237L4;000014;001;00014;00000;00000;01;0000266713;97,2;29,9;29,5;1,40;451;95;001;000249;W;000095;W000095266713001
000014;T237L4;000014;001;00014;00000;00000;01;0000266714;100;30,7;30,3;1,40;452;96;001;000249;W;000096;W000096266714001
000014;T237L4;000014;001;00014;00000;00000;01;0000266715;88,1;27,1;26,7;1,40;453;97;001;000249;W;000097;W000097266715001
000014;T237L5;000014;001;00014;00000;00000;01;0000266716;101,4;31,1;30,7;1,40;454;98;001;000249;W;000098;W000098266716001
000014;T237L5;000014;001;00014;00000;00000;01;0000266717;98,8;30,3;29,9;1,40;455;99;001;000249;W;000099;W000099266717001
000014;T237L5;000014;001;00014;00000;00000;01;0000266718;97,8;30,0;29,6;1,40;456;100;001;000249;W;000100;W000100266718001
000014;T237L5;000014;001;00014;00000;00000;01;0000266719;99,5;30,6;30,2;1,40;457;101;001;000249;W;000101;W000101266719001
000014;T237L5;000014;001;00014;00000;00000;01;0000266720;100,6;30,9;30,5;1,40;458;102;001;000249;W;000102;W000102266720001
000014;T237L5;000014;001;00014;00000;00000;01;0000266721;99,2;30,5;30,1;1,40;459;103;001;000249;W;000103;W000103266721001
000014;T237L5;000014;001;00014;00000;00000;01;0000266722;100,5;30,9;30,5;1,40;460;104;001;000249;W;000104;W000104266722001
000014;T237L5;000014;001;00014;00000;00000;01;0000266723;101,3;31,1;30,7;1,40;461;105;001;000249;W;000105;W000105266723001
000014;T237L5;000014;001;00014;00000;00000;01;0000266724;101,1;31,0;30,6;1,40;462;106;001;000249;W;000106;W000106266724001
000014;T237L5;000014;001;00014;00000;00000;01;0000266725;99;30,4;30,0;1,40;463;107;001;000249;W;000107;W000107266725001
000014;T237L5;000014;001;00014;00000;00000;01;0000266726;98,5;30,2;29,8;1,40;464;108;001;000249;W;000108;W000108266726001
000014;T237L5;000014;001;00014;00000;00000;01;0000266727;58,4;18,1;17,7;1,40;465;109;001;000249;W;000109;W000109266727001
000014;T237L5;000014;001;00014;00000;00000;01;0000266728;101,6;31,2;30,8;1,40;466;110;001;000249;W;000110;W000110266728001
000014;T237L5;000014;001;00014;00000;00000;01;0000266729;99,7;30,6;30,2;1,40;467;111;001;000249;W;000111;W000111266729001
000014;T237L5;000014;001;00014;00000;00000;01;0000266730;100,3;30,8;30,4;1,40;468;112;001;000249;W;000112;W000112266730001
000014;T237L5;000014;001;00014;00000;00000;01;0000266731;101,1;31,0;30,6;1,40;469;113;001;000249;W;000113;W000113266731001
000014;T237L5;000014;001;00014;00000;00000;01;0000266732;99,7;30,6;30,2;1,40;470;114;001;000249;W;000114;W000114266732001
000014;T237L5;000014;001;00014;00000;00000;01;0000266733;96;29,5;29,1;1,40;471;115;001;000249;W;000115;W000115266733001
000014;T237L5;000014;001;00014;00000;00000;01;0000266734;100,3;30,8;30,4;1,40;472;116;001;000249;W;000116;W000116266734001
000014;T237L5;000014;001;00014;00000;00000;01;0000266735;95,6;29,4;29,0;1,40;473;117;001;000249;W;000117;W000117266735001
000014;T237L5;000014;001;00014;00000;00000;01;0000266736;101;31,0;30,6;1,40;474;118;001;000249;W;000118;W000118266736001
000014;T237L5;000014;001;00014;00000;00000;01;0000266737;100,8;30,9;30,5;1,40;475;119;001;000249;W;000119;W000119266737001
000014;T237L5;000014;001;00014;00000;00000;01;0000266738;101,3;31,1;30,7;1,40;476;120;001;000249;W;000120;W000120266738001
000014;T237L5;000014;001;00014;00000;00000;01;0000266739;100,6;30,9;30,5;1,40;477;121;001;000249;W;000121;W000121266739001
000014;T237L6;000014;001;00014;00000;00000;01;0000266740;101,6;31,2;30,8;1,40;478;122;001;000249;W;000122;W000122266740001
000014;T237L6;000014;001;00014;00000;00000;01;0000266741;97;29,8;29,4;1,40;479;123;001;000249;W;000123;W000123266741001
000014;T237L6;000014;001;00014;00000;00000;01;0000266742;96,8;29,7;29,3;1,40;480;124;001;000249;W;000124;W000124266742001
000014;T237L6;000014;001;00014;00000;00000;01;0000266743;58,8;18,2;17,8;1,40;481;125;001;000249;W;000125;W000125266743001
000014;T237L6;000014;001;00014;00000;00000;01;0000266744;103,3;31,7;31,3;1,40;482;126;001;000249;W;000126;W000126266744001
000014;T237L6;000014;001;00014;00000;00000;01;0000266745;91,2;28,0;27,6;1,40;483;127;001;000249;W;000127;W000127266745001
000014;T237L6;000014;001;00014;00000;00000;01;0000266746;103;31,6;31,2;1,40;484;128;001;000249;W;000128;W000128266746001
000014;T237L6;000014;001;00014;00000;00000;01;0000266747;94,3;29,0;28,6;1,40;485;129;001;000249;W;000129;W000129266747001
000014;T237L6;000014;001;00014;00000;00000;01;0000266748;101,4;31,1;30,7;1,40;486;130;001;000249;W;000130;W000130266748001
000014;T237L6;000014;001;00014;00000;00000;01;0000266749;90,3;27,8;27,4;1,40;487;131;001;000249;W;000131;W000131266749001
000014;T237L6;000014;001;00014;00000;00000;01;0000266750;103,2;31,7;31,3;1,40;488;132;001;000249;W;000132;W000132266750001
000014;T237L6;000014;001;00014;00000;00000;01;0000266751;73,7;22,7;22,3;1,40;489;133;001;000249;W;000133;W000133266751001
000014;T237L6;000014;001;00014;00000;00000;01;0000266752;100,5;30,9;30,5;1,40;490;134;001;000249;W;000134;W000134266752001
000014;T237L6;000014;001;00014;00000;00000;01;0000266753;97,3;29,9;29,5;1,40;491;135;001;000249;W;000135;W000135266753001
000014;T237L6;000014;001;00014;00000;00000;01;0000266754;100,2;30,8;30,4;1,40;492;136;001;000249;W;000136;W000136266754001
000014;T237L6;000014;001;00014;00000;00000;01;0000266755;96,5;29,6;29,2;1,40;493;137;001;000249;W;000137;W000137266755001
000014;T237L6;000014;001;00014;00000;00000;01;0000266756;102,5;31,5;31,1;1,40;494;138;001;000249;W;000138;W000138266756001
000014;T237L6;000014;001;00014;00000;00000;01;0000266757;86,9;26,7;26,3;1,40;495;139;001;000249;W;000139;W000139266757001
000014;T237L6;000014;001;00014;00000;00000;01;0000266758;99,8;30,6;30,2;1,40;496;140;001;000249;W;000140;W000140266758001
000014;T237L6;000014;001;00014;00000;00000;01;0000266759;106,1;32,6;32,2;1,40;497;141;001;000249;W;000141;W000141266759001
000014;T237L7;000014;001;00014;00000;00000;01;0000266760;101,7;31,2;30,8;1,40;498;142;001;000249;W;000142;W000142266760001
000014;T237L7;000014;001;00014;00000;00000;01;0000266761;109;33,4;33,0;1,40;499;143;001;000249;W;000143;W000143266761001
000014;T237L7;000014;001;00014;00000;00000;01;0000266762;109,2;33,5;33,1;1,40;500;144;001;000249;W;000144;W000144266762001
000014;T237L7;000014;001;00014;00000;00000;01;0000266763;35,9;11,3;10,9;1,40;501;145;001;000249;W;000145;W000145266763001
000014;T237L7;000014;001;00014;00000;00000;01;0000266764;101,4;31,1;30,7;1,40;502;146;001;000249;W;000146;W000146266764001
000014;T237L7;000014;001;00014;00000;00000;01;0000266765;81,3;25,0;24,6;1,40;503;147;001;000249;W;000147;W000147266765001
000014;T237L7;000014;001;00014;00000;00000;01;0000266766;90,1;27,7;27,3;1,40;504;148;001;000249;W;000148;W000148266766001
000014;T237L7;000014;001;00014;00000;00000;01;0000266767;61,6;19,1;18,7;1,40;505;149;001;000249;W;000149;W000149266767001
000014;T237L7;000014;001;00014;00000;00000;01;0000266768;101,4;31,1;30,7;1,40;506;150;001;000249;W;000150;W000150266768001
000014;T237L7;000014;001;00014;00000;00000;01;0000266769;93,5;28,7;28,3;1,40;507;151;001;000249;W;000151;W000151266769001
000014;T237L7;000014;001;00014;00000;00000;01;0000266770;99,1;30,4;30,0;1,40;508;152;001;000249;W;000152;W000152266770001
000014;T237L7;000014;001;00014;00000;00000;01;0000266771;94,7;29,1;28,7;1,40;509;153;001;000249;W;000153;W000153266771001
000014;T237L7;000014;001;00014;00000;00000;01;0000266772;94,6;29,1;28,7;1,40;510;154;001;000249;W;000154;W000154266772001
000014;T237L7;000014;001;00014;00000;00000;01;0000266773;92,4;28,4;28,0;1,40;511;155;001;000249;W;000155;W000155266773001
000014;T237L7;000014;001;00014;00000;00000;01;0000266774;106,4;32,6;32,2;1,40;512;156;001;000249;W;000156;W000156266774001
000014;T237L7;000014;001;00014;00000;00000;01;0000266775;90,8;27,9;27,5;1,40;513;157;001;000249;W;000157;W000157266775001
000014;T237L7;000014;001;00014;00000;00000;01;0000266776;99,4;30,5;30,1;1,40;514;158;001;000249;W;000158;W000158266776001
000014;T237L7;000014;001;00014;00000;00000;01;0000266777;60,2;18,6;18,2;1,40;515;159;001;000249;W;000159;W000159266777001
000014;T237L7;000014;001;00014;00000;00000;01;0000266778;99,6;30,6;30,2;1,40;516;160;001;000249;W;000160;W000160266778001
000014;T237L7;000014;001;00014;00000;00000;01;0000266779;94,1;28,9;28,5;1,40;517;161;001;000249;W;000161;W000161266779001
000014;T237L8;000014;001;00014;00000;00000;01;0000266780;101;31,0;30,6;1,40;518;162;001;000249;W;000162;W000162266780001
000014;T237L8;000014;001;00014;00000;00000;01;0000266781;99,9;30,7;30,3;1,40;519;163;001;000249;W;000163;W000163266781001
000014;T237L8;000014;001;00014;00000;00000;01;0000266782;106,8;32,8;32,4;1,40;520;164;001;000249;W;000164;W000164266782001
000014;T237L8;000014;001;00014;00000;00000;01;0000266783;90,8;27,9;27,5;1,40;521;165;001;000249;W;000165;W000165266783001
000014;T237L8;000014;001;00014;00000;00000;01;0000266784;100,8;30,9;30,5;1,40;522;166;001;000249;W;000166;W000166266784001
000014;T237L8;000014;001;00014;00000;00000;01;0000266785;49,8;15,5;15,1;1,40;523;167;001;000249;W;000167;W000167266785001
000014;T237L8;000014;001;00014;00000;00000;01;0000266786;102,5;31,5;31,1;1,40;524;168;001;000249;W;000168;W000168266786001
000014;T237L8;000014;001;00014;00000;00000;01;0000266787;92,1;28,3;27,9;1,40;525;169;001;000249;W;000169;W000169266787001
000014;T237L8;000014;001;00014;00000;00000;01;0000266788;104,7;32,1;31,7;1,40;526;170;001;000249;W;000170;W000170266788001
000014;T237L8;000014;001;00014;00000;00000;01;0000266789;87,2;26,8;26,4;1,40;527;171;001;000249;W;000171;W000171266789001
000014;T237L8;000014;001;00014;00000;00000;01;0000266790;98,3;30,2;29,8;1,40;528;172;001;000249;W;000172;W000172266790001
000014;T237L8;000014;001;00014;00000;00000;01;0000266791;95,2;29,2;28,8;1,40;529;173;001;000249;W;000173;W000173266791001
000014;T237L8;000014;001;00014;00000;00000;01;0000266792;98,7;30,3;29,9;1,40;530;174;001;000249;W;000174;W000174266792001
000014;T237L8;000014;001;00014;00000;00000;01;0000266793;87,1;26,8;26,4;1,40;531;175;001;000249;W;000175;W000175266793001
000014;T237L8;000014;001;00014;00000;00000;01;0000266794;110;33,7;33,3;1,40;532;176;001;000249;W;000176;W000176266794001
000014;T237L8;000014;001;00014;00000;00000;01;0000266795;95,7;29,4;29,0;1,40;533;177;001;000249;W;000177;W000177266795001
000014;T237L8;000014;001;00014;00000;00000;01;0000266796;100,6;30,9;30,5;1,40;534;178;001;000249;W;000178;W000178266796001
000014;T237L8;000014;001;00014;00000;00000;01;0000266797;96,9;29,8;29,4;1,40;535;179;001;000249;W;000179;W000179266797001
000014;T237L8;000014;001;00014;00000;00000;01;0000266798;99,7;30,6;30,2;1,40;536;180;001;000249;W;000180;W000180266798001
000014;T237L8;000014;001;00014;00000;00000;01;0000266799;95,8;29,4;29,0;1,40;537;181;001;000249;W;000181;W000181266799001
000014;T237L1;000014;001;00015;00000;00000;01;0000266800;100,9;31,0;30,6;1,40;538;1;001;000249;W;000001;W000001266800001
000014;T237L1;000014;001;00015;00000;00000;01;0000266801;91,4;28,1;27,7;1,40;539;2;001;000249;W;000002;W000002266801001
000014;T237L1;000014;001;00015;00000;00000;01;0000266802;90,4;27,8;27,4;1,40;540;3;001;000249;W;000003;W000003266802001
000014;T237L1;000014;001;00015;00000;00000;01;0000266803;102,1;31,3;30,9;1,40;541;4;001;000249;W;000004;W000004266803001
000014;T237L1;000014;001;00015;00000;00000;01;0000266804;100,2;30,8;30,4;1,40;542;5;001;000249;W;000005;W000005266804001
000014;T237L1;000014;001;00015;00000;00000;01;0000266805;100,9;31,0;30,6;1,40;543;6;001;000249;W;000006;W000006266805001
000014;T237L1;000014;001;00015;00000;00000;01;0000266806;101,4;31,1;30,7;1,40;544;7;001;000249;W;000007;W000007266806001
000014;T237L1;000014;001;00015;00000;00000;01;0000266807;100,2;30,8;30,4;1,40;545;8;001;000249;W;000008;W000008266807001
000014;T237L1;000014;001;00015;00000;00000;01;0000266808;97,2;29,9;29,5;1,40;546;9;001;000249;W;000009;W000009266808001
000014;T237L1;000014;001;00015;00000;00000;01;0000266809;110,2;33,8;33,4;1,40;547;10;001;000249;W;000010;W000010266809001
000014;T237L1;000014;001;00015;00000;00000;01;0000266810;92,1;28,3;27,9;1,40;548;11;001;000249;W;000011;W000011266810001
000014;T237L1;000014;001;00015;00000;00000;01;0000266811;101,7;31,2;30,8;1,40;549;12;001;000249;W;000012;W000012266811001
000014;T237L1;000014;001;00015;00000;00000;01;0000266812;106,7;32,7;32,3;1,40;550;13;001;000249;W;000013;W000013266812001
000014;T237L1;000014;001;00015;00000;00000;01;0000266813;100,9;31,0;30,6;1,40;551;14;001;000249;W;000014;W000014266813001
000014;T237L1;000014;001;00015;00000;00000;01;0000266814;97,5;29,9;29,5;1,40;552;15;001;000249;W;000015;W000015266814001
000014;T237L1;000014;001;00015;00000;00000;01;0000266815;101,8;31,2;30,8;1,40;553;16;001;000249;W;000016;W000016266815001
000014;T237L1;000014;001;00015;00000;00000;01;0000266816;96,8;29,7;29,3;1,40;554;17;001;000249;W;000017;W000017266816001
000014;T237L1;000014;001;00015;00000;00000;01;0000266817;100,9;31,0;30,6;1,40;555;18;001;000249;W;000018;W000018266817001
000014;T237L1;000014;001;00015;00000;00000;01;0000266818;99,1;30,4;30,0;1,40;556;19;001;000249;W;000019;W000019266818001
000014;T237L2;000014;001;00015;00000;00000;01;0000266819;101,4;31,1;30,7;1,40;557;20;001;000249;W;000020;W000020266819001
000014;T237L2;000014;001;00015;00000;00000;01;0000266820;94,1;28,9;28,5;1,40;558;21;001;000249;W;000021;W000021266820001
000014;T237L2;000014;001;00015;00000;00000;01;0000266821;100,8;30,9;30,5;1,40;559;22;001;000249;W;000022;W000022266821001
000014;T237L2;000014;001;00015;00000;00000;01;0000266822;96,9;29,8;29,4;1,40;560;23;001;000249;W;000023;W000023266822001
000014;T237L2;000014;001;00015;00000;00000;01;0000266823;103;31,6;31,2;1,40;561;24;001;000249;W;000024;W000024266823001
000014;T237L2;000014;001;00015;00000;00000;01;0000266824;100,1;30,7;30,3;1,40;562;25;001;000249;W;000025;W000025266824001
000014;T237L2;000014;001;00015;00000;00000;01;0000266825;104,8;32,2;31,8;1,40;563;26;001;000249;W;000026;W000026266825001
000014;T237L2;000014;001;00015;00000;00000;01;0000266826;93,4;28,7;28,3;1,40;564;27;001;000249;W;000027;W000027266826001
000014;T237L2;000014;001;00015;00000;00000;01;0000266827;101,9;31,3;30,9;1,40;565;28;001;000249;W;000028;W000028266827001
000014;T237L2;000014;001;00015;00000;00000;01;0000266828;101,6;31,2;30,8;1,40;566;29;001;000249;W;000029;W000029266828001
000014;T237L2;000014;001;00015;00000;00000;01;0000266829;93,6;28,8;28,4;1,40;567;30;001;000249;W;000030;W000030266829001
000014;T237L2;000014;001;00015;00000;00000;01;0000266830;101,2;31,1;30,7;1,40;568;31;001;000249;W;000031;W000031266830001
000014;T237L2;000014;001;00015;00000;00000;01;0000266831;100,4;30,8;30,4;1,40;569;32;001;000249;W;000032;W000032266831001
000014;T237L2;000014;001;00015;00000;00000;01;0000266832;101,6;31,2;30,8;1,40;570;33;001;000249;W;000033;W000033266832001
000014;T237L2;000014;001;00015;00000;00000;01;0000266833;102;31,3;30,9;1,40;571;34;001;000249;W;000034;W000034266833001
000014;T237L2;000014;001;00015;00000;00000;01;0000266834;100,9;31,0;30,6;1,40;572;35;001;000249;W;000035;W000035266834001
000014;T237L2;000014;001;00015;00000;00000;01;0000266835;102,1;31,3;30,9;1,40;573;36;001;000249;W;000036;W000036266835001
000014;T237L2;000014;001;00015;00000;00000;01;0000266836;101,5;31,2;30,8;1,40;574;37;001;000249;W;000037;W000037266836001
000014;T237L2;000014;001;00015;00000;00000;01;0000266837;100,1;30,7;30,3;1,40;575;38;001;000249;W;000038;W000038266837001
000014;T237L2;000014;001;00015;00000;00000;01;0000266838;100;30,7;30,3;1,40;576;39;001;000249;W;000039;W000039266838001
000014;T237L2;000014;001;00015;00000;00000;01;0000266839;103,4;31,7;31,3;1,40;577;40;001;000249;W;000040;W000040266839001
000014;T237L3;000014;001;00015;00000;00000;01;0000266840;101,3;31,1;30,7;1,40;578;41;001;000249;W;000041;W000041266840001
000014;T237L3;000014;001;00015;00000;00000;01;0000266841;81,5;25,1;24,7;1,40;579;42;001;000249;W;000042;W000042266841001
000014;T237L3;000014;001;00015;00000;00000;01;0000266842;99;30,4;30,0;1,40;580;43;001;000249;W;000043;W000043266842001
000014;T237L3;000014;001;00015;00000;00000;01;0000266843;109,4;33,6;33,2;1,40;581;44;001;000249;W;000044;W000044266843001
000014;T237L3;000014;001;00015;00000;00000;01;0000266844;47,8;14,9;14,5;1,40;582;45;001;000249;W;000045;W000045266844001
000014;T237L3;000014;001;00015;00000;00000;01;0000266845;101,1;31,0;30,6;1,40;583;46;001;000249;W;000046;W000046266845001
000014;T237L3;000014;001;00015;00000;00000;01;0000266846;97,8;30,0;29,6;1,40;584;47;001;000249;W;000047;W000047266846001
000014;T237L3;000014;001;00015;00000;00000;01;0000266847;101,5;31,2;30,8;1,40;585;48;001;000249;W;000048;W000048266847001
000014;T237L3;000014;001;00015;00000;00000;01;0000266848;100,8;30,9;30,5;1,40;586;49;001;000249;W;000049;W000049266848001
000014;T237L3;000014;001;00015;00000;00000;01;0000266849;101,7;31,2;30,8;1,40;587;50;001;000249;W;000050;W000050266849001
000014;T237L3;000014;001;00015;00000;00000;01;0000266850;96,4;29,6;29,2;1,40;588;51;001;000249;W;000051;W000051266850001
000014;T237L3;000014;001;00015;00000;00000;01;0000266851;99,7;30,6;30,2;1,40;589;52;001;000249;W;000052;W000052266851001
000014;T237L3;000014;001;00015;00000;00000;01;0000266852;99,6;30,6;30,2;1,40;590;53;001;000249;W;000053;W000053266852001
000014;T237L3;000014;001;00015;00000;00000;01;0000266853;101,1;31,0;30,6;1,40;591;54;001;000249;W;000054;W000054266853001
000014;T237L3;000014;001;00015;00000;00000;01;0000266854;99,1;30,4;30,0;1,40;592;55;001;000249;W;000055;W000055266854001
000014;T237L3;000014;001;00015;00000;00000;01;0000266855;100,3;30,8;30,4;1,40;593;56;001;000249;W;000056;W000056266855001
000014;T237L3;000014;001;00015;00000;00000;01;0000266856;100,4;30,8;30,4;1,40;594;57;001;000249;W;000057;W000057266856001
000014;T237L3;000014;001;00015;00000;00000;01;0000266857;101,1;31,0;30,6;1,40;595;58;001;000249;W;000058;W000058266857001
000014;T237L3;000014;001;00015;00000;00000;01;0000266858;98,5;30,2;29,8;1,40;596;59;001;000249;W;000059;W000059266858001
000014;T237L3;000014;001;00015;00000;00000;01;0000266859;103,3;31,7;31,3;1,40;597;60;001;000249;W;000060;W000060266859001
000014;T237L3;000014;001;00015;00000;00000;01;0000266860;97,2;29,9;29,5;1,40;598;61;001;000249;W;000061;W000061266860001
000014;T237L3;000014;001;00015;00000;00000;01;0000266861;100,6;30,9;30,5;1,40;599;62;001;000249;W;000062;W000062266861001
000014;T237L3;000014;001;00015;00000;00000;01;0000266862;99,2;30,5;30,1;1,40;600;63;001;000249;W;000063;W000063266862001
000014;T237L3;000014;001;00015;00000;00000;01;0000266863;101,1;31,0;30,6;1,40;601;64;001;000249;W;000064;W000064266863001
000014;T237L3;000014;001;00015;00000;00000;01;0000266864;99,3;30,5;30,1;1,40;602;65;001;000249;W;000065;W000065266864001
000014;T237L4;000014;001;00015;00000;00000;01;0000266865;101;31,0;30,6;1,40;603;66;001;000249;W;000066;W000066266865001
000014;T237L4;000014;001;00015;00000;00000;01;0000266866;99,4;30,5;30,1;1,40;604;67;001;000249;W;000067;W000067266866001
000014;T237L4;000014;001;00015;00000;00000;01;0000266867;99,7;30,6;30,2;1,40;605;68;001;000249;W;000068;W000068266867001
000014;T237L4;000014;001;00015;00000;00000;01;0000266868;98,1;30,1;29,7;1,40;606;69;001;000249;W;000069;W000069266868001
000014;T237L4;000014;001;00015;00000;00000;01;0000266869;102,4;31,4;31,0;1,40;607;70;001;000249;W;000070;W000070266869001
000014;T237L4;000014;001;00015;00000;00000;01;0000266870;102,2;31,4;31,0;1,40;608;71;001;000249;W;000071;W000071266870001
000014;T237L4;000014;001;00015;00000;00000;01;0000266871;100,4;30,8;30,4;1,40;609;72;001;000249;W;000072;W000072266871001
000014;T237L4;000014;001;00015;00000;00000;01;0000266872;97,5;29,9;29,5;1,40;610;73;001;000249;W;000073;W000073266872001
000014;T237L4;000014;001;00015;00000;00000;01;0000266873;101,9;31,3;30,9;1,40;611;74;001;000249;W;000074;W000074266873001
000014;T237L4;000014;001;00015;00000;00000;01;0000266874;100,2;30,8;30,4;1,40;612;75;001;000249;W;000075;W000075266874001
000014;T237L4;000014;001;00015;00000;00000;01;0000266875;99,5;30,6;30,2;1,40;613;76;001;000249;W;000076;W000076266875001
000014;T237L4;000014;001;00015;00000;00000;01;0000266876;98,8;30,3;29,9;1,40;614;77;001;000249;W;000077;W000077266876001
000014;T237L4;000014;001;00015;00000;00000;01;0000266877;100,2;30,8;30,4;1,40;615;78;001;000249;W;000078;W000078266877001
000014;T237L4;000014;001;00015;00000;00000;01;0000266878;82,8;25,5;25,1;1,40;616;79;001;000249;W;000079;W000079266878001
000014;T237L4;000014;001;00015;00000;00000;01;0000266879;100,5;30,9;30,5;1,40;617;80;001;000249;W;000080;W000080266879001
000014;T237L4;000014;001;00015;00000;00000;01;0000266880;99,6;30,6;30,2;1,40;618;81;001;000249;W;000081;W000081266880001
000014;T237L4;000014;001;00015;00000;00000;01;0000266881;101,5;31,2;30,8;1,40;619;82;001;000249;W;000082;W000082266881001
000014;T237L4;000014;001;00015;00000;00000;01;0000266882;96,9;29,8;29,4;1,40;620;83;001;000249;W;000083;W000083266882001
000014;T237L4;000014;001;00015;00000;00000;01;0000266883;100;30,7;30,3;1,40;621;84;001;000249;W;000084;W000084266883001
000014;T237L4;000014;001;00015;00000;00000;01;0000266884;99,3;30,5;30,1;1,40;622;85;001;000249;W;000085;W000085266884001
000014;T237L5;000014;001;00015;00000;00000;01;0000266885;98,8;30,3;29,9;1,40;623;86;001;000249;W;000086;W000086266885001
000014;T237L5;000014;001;00015;00000;00000;01;0000266886;102,4;31,4;31,0;1,40;624;87;001;000249;W;000087;W000087266886001
000014;T237L5;000014;001;00015;00000;00000;01;0000266887;96;29,5;29,1;1,40;625;88;001;000249;W;000088;W000088266887001
000014;T237L5;000014;001;00015;00000;00000;01;0000266888;110,3;33,8;33,4;1,40;626;89;001;000249;W;000089;W000089266888001
000014;T237L5;000014;001;00015;00000;00000;01;0000266889;110,7;33,9;33,5;1,40;627;90;001;000249;W;000090;W000090266889001
000014;T237L5;000014;001;00015;00000;00000;01;0000266890;100,1;30,7;30,3;1,40;628;91;001;000249;W;000091;W000091266890001
000014;T237L5;000014;001;00015;00000;00000;01;0000266891;109,3;33,5;33,1;1,40;629;92;001;000249;W;000092;W000092266891001
000014;T237L5;000014;001;00015;00000;00000;01;0000266892;100,2;30,8;30,4;1,40;630;93;001;000249;W;000093;W000093266892001
000014;T237L5;000014;001;00015;00000;00000;01;0000266893;97,4;29,9;29,5;1,40;631;94;001;000249;W;000094;W000094266893001
000014;T237L5;000014;001;00015;00000;00000;01;0000266894;102,5;31,5;31,1;1,40;632;95;001;000249;W;000095;W000095266894001
000014;T237L5;000014;001;00015;00000;00000;01;0000266895;96,4;29,6;29,2;1,40;633;96;001;000249;W;000096;W000096266895001
000014;T237L5;000014;001;00015;00000;00000;01;0000266896;97,4;29,9;29,5;1,40;634;97;001;000249;W;000097;W000097266896001
000014;T237L5;000014;001;00015;00000;00000;01;0000266897;102;31,3;30,9;1,40;635;98;001;000249;W;000098;W000098266897001
000014;T237L5;000014;001;00015;00000;00000;01;0000266898;104,2;32,0;31,6;1,40;636;99;001;000249;W;000099;W000099266898001
000014;T237L5;000014;001;00015;00000;00000;01;0000266899;99,1;30,4;30,0;1,40;637;100;001;000249;W;000100;W000100266899001
000014;T237L5;000014;001;00015;00000;00000;01;0000266900;101,3;31,1;30,7;1,40;638;101;001;000249;W;000101;W000101266900001
000014;T237L5;000014;001;00015;00000;00000;01;0000266901;101,8;31,2;30,8;1,40;639;102;001;000249;W;000102;W000102266901001
000014;T237L5;000014;001;00015;00000;00000;01;0000266902;54,6;16,9;16,5;1,40;640;103;001;000249;W;000103;W000103266902001
000014;T237L5;000014;001;00015;00000;00000;01;0000266903;100,8;30,9;30,5;1,40;641;104;001;000249;W;000104;W000104266903001
000014;T237L5;000014;001;00015;00000;00000;01;0000266904;97,5;29,9;29,5;1,40;642;105;001;000249;W;000105;W000105266904001
000014;T237L5;000014;001;00015;00000;00000;01;0000266905;100,8;30,9;30,5;1,40;643;106;001;000249;W;000106;W000106266905001
000014;T237L5;000014;001;00015;00000;00000;01;0000266906;59,2;18,3;17,9;1,40;644;107;001;000249;W;000107;W000107266906001
000014;T237L5;000014;001;00015;00000;00000;01;0000266907;100,5;30,9;30,5;1,40;645;108;001;000249;W;000108;W000108266907001
000014;T237L5;000014;001;00015;00000;00000;01;0000266908;97,6;30,0;29,6;1,40;646;109;001;000249;W;000109;W000109266908001
000014;T237L6;000014;001;00015;00000;00000;01;0000266909;101,2;31,1;30,7;1,40;647;110;001;000249;W;000110;W000110266909001
000014;T237L6;000014;001;00015;00000;00000;01;0000266910;96,5;29,6;29,2;1,40;648;111;001;000249;W;000111;W000111266910001
000014;T237L6;000014;001;00015;00000;00000;01;0000266911;100,9;31,0;30,6;1,40;649;112;001;000249;W;000112;W000112266911001
000014;T237L6;000014;001;00015;00000;00000;01;0000266912;98,6;30,3;29,9;1,40;650;113;001;000249;W;000113;W000113266912001
000014;T237L6;000014;001;00015;00000;00000;01;0000266913;100,2;30,8;30,4;1,40;651;114;001;000249;W;000114;W000114266913001
000014;T237L6;000014;001;00015;00000;00000;01;0000266914;84,4;26,0;25,6;1,40;652;115;001;000249;W;000115;W000115266914001
000014;T237L6;000014;001;00015;00000;00000;01;0000266915;99,6;30,6;30,2;1,40;653;116;001;000249;W;000116;W000116266915001
000014;T237L6;000014;001;00015;00000;00000;01;0000266916;95,4;29,3;28,9;1,40;654;117;001;000249;W;000117;W000117266916001
000014;T237L6;000014;001;00015;00000;00000;01;0000266917;101;31,0;30,6;1,40;655;118;001;000249;W;000118;W000118266917001
000014;T237L6;000014;001;00015;00000;00000;01;0000266918;97,5;29,9;29,5;1,40;656;119;001;000249;W;000119;W000119266918001
000014;T237L6;000014;001;00015;00000;00000;01;0000266919;100;30,7;30,3;1,40;657;120;001;000249;W;000120;W000120266919001
000014;T237L6;000014;001;00015;00000;00000;01;0000266920;95,3;29,3;28,9;1,40;658;121;001;000249;W;000121;W000121266920001
000014;T237L6;000014;001;00015;00000;00000;01;0000266921;101,4;31,1;30,7;1,40;659;122;001;000249;W;000122;W000122266921001
000014;T237L6;000014;001;00015;00000;00000;01;0000266922;97;29,8;29,4;1,40;660;123;001;000249;W;000123;W000123266922001
000014;T237L6;000014;001;00015;00000;00000;01;0000266923;97;29,8;29,4;1,40;661;124;001;000249;W;000124;W000124266923001
000014;T237L6;000014;001;00015;00000;00000;01;0000266924;98,2;30,2;29,8;1,40;662;125;001;000249;W;000125;W000125266924001
000014;T237L6;000014;001;00015;00000;00000;01;0000266925;101,9;31,3;30,9;1,40;663;126;001;000249;W;000126;W000126266925001
000014;T237L6;000014;001;00015;00000;00000;01;0000266926;98,1;30,1;29,7;1,40;664;127;001;000249;W;000127;W000127266926001
000014;T237L6;000014;001;00015;00000;00000;01;0000266927;104,2;32,0;31,6;1,40;665;128;001;000249;W;000128;W000128266927001
000014;T237L6;000014;001;00015;00000;00000;01;0000266928;93,8;28,8;28,4;1,40;666;129;001;000249;W;000129;W000129266928001
000014;T237L6;000014;001;00015;00000;00000;01;0000266929;100,6;30,9;30,5;1,40;667;130;001;000249;W;000130;W000130266929001
000014;T237L6;000014;001;00015;00000;00000;01;0000266930;97,8;30,0;29,6;1,40;668;131;001;000249;W;000131;W000131266930001
000014;T237L6;000014;001;00015;00000;00000;01;0000266931;100,8;30,9;30,5;1,40;669;132;001;000249;W;000132;W000132266931001
000014;T237L6;000014;001;00015;00000;00000;01;0000266932;95,4;29,3;28,9;1,40;670;133;001;000249;W;000133;W000133266932001
000014;T237L7;000014;001;00015;00000;00000;01;0000266933;98,9;30,4;30,0;1,40;671;134;001;000249;W;000134;W000134266933001
000014;T237L7;000014;001;00015;00000;00000;01;0000266934;96,8;29,7;29,3;1,40;672;135;001;000249;W;000135;W000135266934001
000014;T237L7;000014;001;00015;00000;00000;01;0000266935;101,2;31,1;30,7;1,40;673;136;001;000249;W;000136;W000136266935001
000014;T237L7;000014;001;00015;00000;00000;01;0000266936;87,9;27,0;26,6;1,40;674;137;001;000249;W;000137;W000137266936001
000014;T237L7;000014;001;00015;00000;00000;01;0000266937;99,4;30,5;30,1;1,40;675;138;001;000249;W;000138;W000138266937001
000014;T237L7;000014;001;00015;00000;00000;01;0000266938;96,6;29,7;29,3;1,40;676;139;001;000249;W;000139;W000139266938001
000014;T237L7;000014;001;00015;00000;00000;01;0000266939;101,7;31,2;30,8;1,40;677;140;001;000249;W;000140;W000140266939001
000014;T237L7;000014;001;00015;00000;00000;01;0000266940;93,5;28,7;28,3;1,40;678;141;001;000249;W;000141;W000141266940001
000014;T237L7;000014;001;00015;00000;00000;01;0000266941;99,2;30,5;30,1;1,40;679;142;001;000249;W;000142;W000142266941001
000014;T237L7;000014;001;00015;00000;00000;01;0000266942;101,1;31,0;30,6;1,40;680;143;001;000249;W;000143;W000143266942001
000014;T237L7;000014;001;00015;00000;00000;01;0000266943;101,3;31,1;30,7;1,40;681;144;001;000249;W;000144;W000144266943001
000014;T237L7;000014;001;00015;00000;00000;01;0000266944;92,6;28,5;28,1;1,40;682;145;001;000249;W;000145;W000145266944001
000014;T237L7;000014;001;00015;00000;00000;01;0000266945;100;30,7;30,3;1,40;683;146;001;000249;W;000146;W000146266945001
000014;T237L7;000014;001;00015;00000;00000;01;0000266946;97,6;30,0;29,6;1,40;684;147;001;000249;W;000147;W000147266946001
000014;T237L7;000014;001;00015;00000;00000;01;0000266947;102,2;31,4;31,0;1,40;685;148;001;000249;W;000148;W000148266947001
000014;T237L7;000014;001;00015;00000;00000;01;0000266948;94,5;29,0;28,6;1,40;686;149;001;000249;W;000149;W000149266948001
000014;T237L7;000014;001;00015;00000;00000;01;0000266949;101,3;31,1;30,7;1,40;687;150;001;000249;W;000150;W000150266949001
000014;T237L7;000014;001;00015;00000;00000;01;0000266950;93,4;28,7;28,3;1,40;688;151;001;000249;W;000151;W000151266950001
000014;T237L7;000014;001;00015;00000;00000;01;0000266951;101,8;31,2;30,8;1,40;689;152;001;000249;W;000152;W000152266951001
000014;T237L7;000014;001;00015;00000;00000;01;0000266952;99;30,4;30,0;1,40;690;153;001;000249;W;000153;W000153266952001
000014;T237L1;000014;001;00034;00000;00000;01;0000266953;101,1;31,0;30,6;1,40;691;1;001;000249;W;000001;W000001266953001
000014;T237L1;000014;001;00034;00000;00000;01;0000266954;95,7;29,4;29,0;1,40;692;2;001;000249;W;000002;W000002266954001
000014;T237L1;000014;001;00034;00000;00000;01;0000266955;99,2;30,5;30,1;1,40;693;3;001;000249;W;000003;W000003266955001
000014;T237L1;000014;001;00034;00000;00000;01;0000266956;89,7;27,6;27,2;1,40;694;4;001;000249;W;000004;W000004266956001
000014;T237L1;000014;001;00034;00000;00000;01;0000266957;104,2;32,0;31,6;1,40;695;5;001;000249;W;000005;W000005266957001
000014;T237L1;000014;001;00034;00000;00000;01;0000266958;94,4;29,0;28,6;1,40;696;6;001;000249;W;000006;W000006266958001
000014;T237L1;000014;001;00034;00000;00000;01;0000266959;102,1;31,3;30,9;1,40;697;7;001;000249;W;000007;W000007266959001
000014;T237L1;000014;001;00034;00000;00000;01;0000266960;68,3;21,1;20,7;1,40;698;8;001;000249;W;000008;W000008266960001
000014;T237L1;000014;001;00034;00000;00000;01;0000266961;100,4;30,8;30,4;1,40;699;9;001;000249;W;000009;W000009266961001
000014;T237L1;000014;001;00034;00000;00000;01;0000266962;89,8;27,6;27,2;1,40;700;10;001;000249;W;000010;W000010266962001
000014;T237L1;000014;001;00034;00000;00000;01;0000266963;100,8;30,9;30,5;1,40;701;11;001;000249;W;000011;W000011266963001
000014;T237L1;000014;001;00034;00000;00000;01;0000266964;91,3;28,1;27,7;1,40;702;12;001;000249;W;000012;W000012266964001
000014;T237L1;000014;001;00034;00000;00000;01;0000266965;100,9;31,0;30,6;1,40;703;13;001;000249;W;000013;W000013266965001
000014;T237L1;000014;001;00034;00000;00000;01;0000266966;88,8;27,3;26,9;1,40;704;14;001;000249;W;000014;W000014266966001
000014;T237L1;000014;001;00034;00000;00000;01;0000266967;100,8;30,9;30,5;1,40;705;15;001;000249;W;000015;W000015266967001
000014;T237L1;000014;001;00034;00000;00000;01;0000266968;106,2;32,6;32,2;1,40;706;16;001;000249;W;000016;W000016266968001
000014;T237L1;000014;001;00034;00000;00000;01;0000266969;101,2;31,1;30,7;1,40;707;17;001;000249;W;000017;W000017266969001
000014;T237L1;000014;001;00034;00000;00000;01;0000266970;92,1;28,3;27,9;1,40;708;18;001;000249;W;000018;W000018266970001
000014;T237L1;000014;001;00034;00000;00000;01;0000266971;100,1;30,7;30,3;1,40;709;19;001;000249;W;000019;W000019266971001
000014;T237L1;000014;001;00034;00000;00000;01;0000266972;64;19,8;19,4;1,40;710;20;001;000249;W;000020;W000020266972001
000014;T237L1;000014;001;00034;00000;00000;01;0000266973;100,5;30,9;30,5;1,40;711;21;001;000249;W;000021;W000021266973001
000014;T237L1;000014;001;00034;00000;00000;01;0000266974;77,2;23,8;23,4;1,40;712;22;001;000249;W;000022;W000022266974001
000014;T237L1;000014;001;00034;00000;00000;01;0000266975;99,2;30,5;30,1;1,40;713;23;001;000249;W;000023;W000023266975001
000014;T237L1;000014;001;00034;00000;00000;01;0000266976;89,5;27,5;27,1;1,40;714;24;001;000249;W;000024;W000024266976001
000014;T237L1;000014;001;00037;00000;00000;01;0000266977;102,4;31,4;31,0;1,40;715;1;001;000249;W;000001;W000001266977001
000014;T237L1;000014;001;00037;00000;00000;01;0000266978;98,7;30,3;29,9;1,40;716;2;001;000249;W;000002;W000002266978001
000014;T237L1;000014;001;00037;00000;00000;01;0000266979;100,8;30,9;30,5;1,40;717;3;001;000249;W;000003;W000003266979001
000014;T237L1;000014;001;00037;00000;00000;01;0000266980;100,2;30,8;30,4;1,40;718;4;001;000249;W;000004;W000004266980001
000014;T237L1;000014;001;00037;00000;00000;01;0000266981;101,8;31,2;30,8;1,40;719;5;001;000249;W;000005;W000005266981001
000014;T237L1;000014;001;00037;00000;00000;01;0000266982;85,7;26,4;26,0;1,40;720;6;001;000249;W;000006;W000006266982001
000014;T237L1;000014;001;00037;00000;00000;01;0000266983;95,6;29,4;29,0;1,40;721;7;001;000249;W;000007;W000007266983001
000014;T237L1;000014;001;00037;00000;00000;01;0000266984;59,5;18,4;18,0;1,40;722;8;001;000249;W;000008;W000008266984001
000014;T237L1;000014;001;00037;00000;00000;01;0000266985;102,1;31,3;30,9;1,40;723;9;001;000249;W;000009;W000009266985001
000014;T237L1;000014;001;00037;00000;00000;01;0000266986;93,3;28,7;28,3;1,40;724;10;001;000249;W;000010;W000010266986001
000014;T237L1;000014;001;00037;00000;00000;01;0000266987;103,1;31,6;31,2;1,40;725;11;001;000249;W;000011;W000011266987001
000014;T237L1;000014;001;00037;00000;00000;01;0000266988;104;31,9;31,5;1,40;726;12;001;000249;W;000012;W000012266988001
000014;T237L1;000014;001;00037;00000;00000;01;0000266989;95,7;29,4;29,0;1,40;727;13;001;000249;W;000013;W000013266989001
000014;T237L1;000014;001;00037;00000;00000;01;0000266990;41,4;12,9;12,5;1,40;728;14;001;000249;W;000014;W000014266990001
000014;T237L1;000014;001;00037;00000;00000;01;0000266991;101;31,0;30,6;1,40;729;15;001;000249;W;000015;W000015266991001
000014;T237L1;000014;001;00037;00000;00000;01;0000266992;100,9;31,0;30,6;1,40;730;16;001;000249;W;000016;W000016266992001
000014;T237L1;000014;001;00037;00000;00000;01;0000266993;100,5;30,9;30,5;1,40;731;17;001;000249;W;000017;W000017266993001
000014;T237L1;000014;001;00037;00000;00000;01;0000266994;95;29,2;28,8;1,40;732;18;001;000249;W;000018;W000018266994001
000014;T237L1;000014;001;00037;00000;00000;01;0000266995;101,5;31,2;30,8;1,40;733;19;001;000249;W;000019;W000019266995001
000014;T237L1;000014;001;00037;00000;00000;01;0000266996;96,8;29,7;29,3;1,40;734;20;001;000249;W;000020;W000020266996001
000014;T237L2;000014;001;00037;00000;00000;01;0000266997;104,4;32,0;31,6;1,40;735;21;001;000249;W;000021;W000021266997001
000014;T237L2;000014;001;00037;00000;00000;01;0000266998;87,3;26,9;26,5;1,40;736;22;001;000249;W;000022;W000022266998001
000014;T237L2;000014;001;00037;00000;00000;01;0000266999;98,4;30,2;29,8;1,40;737;23;001;000249;W;000023;W000023266999001
000014;T237L2;000014;001;00037;00000;00000;01;0000267000;91,2;28,0;27,6;1,40;738;24;001;000249;W;000024;W000024267000001
000014;T237L2;000014;001;00037;00000;00000;01;0000267001;101,9;31,3;30,9;1,40;739;25;001;000249;W;000025;W000025267001001
000014;T237L2;000014;001;00037;00000;00000;01;0000267002;83,8;25,8;25,4;1,40;740;26;001;000249;W;000026;W000026267002001
000014;T237L2;000014;001;00037;00000;00000;01;0000267003;99,4;30,5;30,1;1,40;741;27;001;000249;W;000027;W000027267003001
000014;T237L2;000014;001;00037;00000;00000;01;0000267004;98,6;30,3;29,9;1,40;742;28;001;000249;W;000028;W000028267004001
000014;T237L2;000014;001;00037;00000;00000;01;0000267005;101,1;31,0;30,6;1,40;743;29;001;000249;W;000029;W000029267005001
000014;T237L2;000014;001;00037;00000;00000;01;0000267006;101,5;31,2;30,8;1,40;744;30;001;000249;W;000030;W000030267006001
000014;T237L2;000014;001;00037;00000;00000;01;0000267007;101;31,0;30,6;1,40;745;31;001;000249;W;000031;W000031267007001
000014;T237L2;000014;001;00037;00000;00000;01;0000267008;103,7;31,8;31,4;1,40;746;32;001;000249;W;000032;W000032267008001
000014;T237L2;000014;001;00037;00000;00000;01;0000267009;112,1;34,4;34,0;1,40;747;33;001;000249;W;000033;W000033267009001
000014;T237L2;000014;001;00037;00000;00000;01;0000267010;81,2;25,0;24,6;1,40;748;34;001;000249;W;000034;W000034267010001
000014;T237L2;000014;001;00037;00000;00000;01;0000267011;99,8;30,6;30,2;1,40;749;35;001;000249;W;000035;W000035267011001
000014;T237L2;000014;001;00037;00000;00000;01;0000267012;99,6;30,6;30,2;1,40;750;36;001;000249;W;000036;W000036267012001
000014;T237L2;000014;001;00037;00000;00000;01;0000267013;100,2;30,8;30,4;1,40;751;37;001;000249;W;000037;W000037267013001
000014;T237L2;000014;001;00037;00000;00000;01;0000267014;91,5;28,1;27,7;1,40;752;38;001;000249;W;000038;W000038267014001
000014;T237L2;000014;001;00037;00000;00000;01;0000267015;101,3;31,1;30,7;1,40;753;39;001;000249;W;000039;W000039267015001
000014;T237L2;000014;001;00037;00000;00000;01;0000267016;94,1;28,9;28,5;1,40;754;40;001;000249;W;000040;W000040267016001
000014;T237L3;000014;001;00037;00000;00000;01;0000267017;99,7;30,6;30,2;1,40;755;41;001;000249;W;000041;W000041267017001
000014;T237L3;000014;001;00037;00000;00000;01;0000267018;95,4;29,3;28,9;1,40;756;42;001;000249;W;000042;W000042267018001
000014;T237L3;000014;001;00037;00000;00000;01;0000267019;99,9;30,7;30,3;1,40;757;43;001;000249;W;000043;W000043267019001
000014;T237L3;000014;001;00037;00000;00000;01;0000267020;59,9;18,6;18,2;1,40;758;44;001;000249;W;000044;W000044267020001
000014;T237L3;000014;001;00037;00000;00000;01;0000267021;101,5;31,2;30,8;1,40;759;45;001;000249;W;000045;W000045267021001
000014;T237L3;000014;001;00037;00000;00000;01;0000267022;100,9;31,0;30,6;1,40;760;46;001;000249;W;000046;W000046267022001
000014;T237L3;000014;001;00037;00000;00000;01;0000267023;111,3;34,1;33,7;1,40;761;47;001;000249;W;000047;W000047267023001
000014;T237L3;000014;001;00037;00000;00000;01;0000267024;113,8;34,9;34,5;1,40;762;48;001;000249;W;000048;W000048267024001
000014;T237L3;000014;001;00037;00000;00000;01;0000267025;101,4;31,1;30,7;1,40;763;49;001;000249;W;000049;W000049267025001
000014;T237L3;000014;001;00037;00000;00000;01;0000267026;91,4;28,1;27,7;1,40;764;50;001;000249;W;000050;W000050267026001
000014;T237L3;000014;001;00037;00000;00000;01;0000267027;107,1;32,9;32,5;1,40;765;51;001;000249;W;000051;W000051267027001
000014;T237L3;000014;001;00037;00000;00000;01;0000267028;82,7;25,5;25,1;1,40;766;52;001;000249;W;000052;W000052267028001
000014;T237L3;000014;001;00037;00000;00000;01;0000267029;100,8;30,9;30,5;1,40;767;53;001;000249;W;000053;W000053267029001
000014;T237L3;000014;001;00037;00000;00000;01;0000267030;93,4;28,7;28,3;1,40;768;54;001;000249;W;000054;W000054267030001
000014;T237L3;000014;001;00037;00000;00000;01;0000267031;101,6;31,2;30,8;1,40;769;55;001;000249;W;000055;W000055267031001
000014;T237L3;000014;001;00037;00000;00000;01;0000267032;97,7;30,0;29,6;1,40;770;56;001;000249;W;000056;W000056267032001
000014;T237L3;000014;001;00037;00000;00000;01;0000267033;108,2;33,2;32,8;1,40;771;57;001;000249;W;000057;W000057267033001
000014;T237L3;000014;001;00037;00000;00000;01;0000267034;94;28,9;28,5;1,40;772;58;001;000249;W;000058;W000058267034001
000014;T237L3;000014;001;00037;00000;00000;01;0000267035;100,2;30,8;30,4;1,40;773;59;001;000249;W;000059;W000059267035001
000014;T237L3;000014;001;00037;00000;00000;01;0000267036;94,7;29,1;28,7;1,40;774;60;001;000249;W;000060;W000060267036001
000014;T237L4;000014;001;00037;00000;00000;01;0000267037;100,7;30,9;30,5;1,40;775;61;001;000249;W;000061;W000061267037001
000014;T237L4;000014;001;00037;00000;00000;01;0000267038;91,4;28,1;27,7;1,40;776;62;001;000249;W;000062;W000062267038001
000014;T237L4;000014;001;00037;00000;00000;01;0000267039;100,8;30,9;30,5;1,40;777;63;001;000249;W;000063;W000063267039001
000014;T237L4;000014;001;00037;00000;00000;01;0000267040;98,3;30,2;29,8;1,40;778;64;001;000249;W;000064;W000064267040001
000014;T237L4;000014;001;00037;00000;00000;01;0000267041;101,3;31,1;30,7;1,40;779;65;001;000249;W;000065;W000065267041001
000014;T237L4;000014;001;00037;00000;00000;01;0000267042;86,8;26,7;26,3;1,40;780;66;001;000249;W;000066;W000066267042001
000014;T237L4;000014;001;00037;00000;00000;01;0000267043;99,6;30,6;30,2;1,40;781;67;001;000249;W;000067;W000067267043001
000014;T237L4;000014;001;00037;00000;00000;01;0000267044;96,4;29,6;29,2;1,40;782;68;001;000249;W;000068;W000068267044001
000014;T237L4;000014;001;00037;00000;00000;01;0000267045;99,9;30,7;30,3;1,40;783;69;001;000249;W;000069;W000069267045001
000014;T237L4;000014;001;00037;00000;00000;01;0000267046;88,4;27,2;26,8;1,40;784;70;001;000249;W;000070;W000070267046001
000014;T237L4;000014;001;00037;00000;00000;01;0000267047;101,5;31,2;30,8;1,40;785;71;001;000249;W;000071;W000071267047001
000014;T237L4;000014;001;00037;00000;00000;01;0000267048;92,2;28,3;27,9;1,40;786;72;001;000249;W;000072;W000072267048001
000014;T237L4;000014;001;00037;00000;00000;01;0000267049;100,9;31,0;30,6;1,40;787;73;001;000249;W;000073;W000073267049001
000014;T237L4;000014;001;00037;00000;00000;01;0000267050;52,4;16,3;15,9;1,40;788;74;001;000249;W;000074;W000074267050001
000014;T237L4;000014;001;00037;00000;00000;01;0000267051;101,6;31,2;30,8;1,40;789;75;001;000249;W;000075;W000075267051001
000014;T237L4;000014;001;00037;00000;00000;01;0000267052;87,4;26,9;26,5;1,40;790;76;001;000249;W;000076;W000076267052001
000014;T237L4;000014;001;00037;00000;00000;01;0000267053;100,6;30,9;30,5;1,40;791;77;001;000249;W;000077;W000077267053001
000014;T237L4;000014;001;00037;00000;00000;01;0000267054;98,5;30,2;29,8;1,40;792;78;001;000249;W;000078;W000078267054001
000014;T237L4;000014;001;00037;00000;00000;01;0000267055;101,6;31,2;30,8;1,40;793;79;001;000249;W;000079;W000079267055001
000014;T237L4;000014;001;00037;00000;00000;01;0000267056;88,3;27,2;26,8;1,40;794;80;001;000249;W;000080;W000080267056001
000014;T237L4;000014;001;00037;00000;00000;01;0000267057;101,1;31,0;30,6;1,40;795;81;001;000249;W;000081;W000081267057001
000014;T237L4;000014;001;00037;00000;00000;01;0000267058;98,2;30,2;29,8;1,40;796;82;001;000249;W;000082;W000082267058001
000014;T237L4;000014;001;00037;00000;00000;01;0000267059;105,5;32,4;32,0;1,40;797;83;001;000249;W;000083;W000083267059001
000014;T237L4;000014;001;00037;00000;00000;01;0000267060;92,9;28,6;28,2;1,40;798;84;001;000249;W;000084;W000084267060001
